timestamp,name,cpu_percent,mem_usage,mem_percent,pids
2026-08-09T07:00:31.417531286Z,converact-g03-53-rustpbx-b63383b,1.23%,249.5MiB / 7.506GiB,3.25%,9
2026-08-09T07:00:31.417531286Z,converact-g03-53-router-b63383b,18.52%,37.71MiB / 7.506GiB,0.49%,17
2026-08-09T07:01:33.959207476Z,converact-g03-53-rustpbx-b63383b,0.02%,249.5MiB / 7.506GiB,3.25%,9
2026-08-09T07:01:33.959207476Z,converact-g03-53-router-b63383b,0.06%,37.83MiB / 7.506GiB,0.49%,17
2026-08-09T07:02:36.491299460Z,converact-g03-53-rustpbx-b63383b,0.01%,249.5MiB / 7.506GiB,3.25%,9
2026-08-09T07:02:36.491299460Z,converact-g03-53-router-b63383b,0.05%,36.5MiB / 7.506GiB,0.47%,17
2026-08-09T07:03:39.024396706Z,converact-g03-53-rustpbx-b63383b,0.02%,249.5MiB / 7.506GiB,3.25%,9
2026-08-09T07:03:39.024396706Z,converact-g03-53-router-b63383b,0.05%,36.66MiB / 7.506GiB,0.48%,17
2026-08-09T07:04:41.556247001Z,converact-g03-53-rustpbx-b63383b,0.01%,249.5MiB / 7.506GiB,3.25%,9
2026-08-09T07:04:41.556247001Z,converact-g03-53-router-b63383b,0.08%,36.55MiB / 7.506GiB,0.48%,17
2026-08-09T07:05:44.088791293Z,converact-g03-53-rustpbx-b63383b,0.01%,249.5MiB / 7.506GiB,3.25%,9
2026-08-09T07:05:44.088791293Z,converact-g03-53-router-b63383b,0.04%,36.64MiB / 7.506GiB,0.48%,17
2026-08-09T07:06:46.622777416Z,converact-g03-53-rustpbx-b63383b,0.01%,249.5MiB / 7.506GiB,3.25%,9
2026-08-09T07:06:46.622777416Z,converact-g03-53-router-b63383b,0.04%,36.77MiB / 7.506GiB,0.48%,17
2026-08-09T07:07:49.157861207Z,converact-g03-53-rustpbx-b63383b,0.01%,249.5MiB / 7.506GiB,3.25%,9
2026-08-09T07:07:49.157861207Z,converact-g03-53-router-b63383b,0.09%,36.66MiB / 7.506GiB,0.48%,17
2026-08-09T07:08:51.689861643Z,converact-g03-53-rustpbx-b63383b,0.01%,249.5MiB / 7.506GiB,3.25%,9
2026-08-09T07:08:51.689861643Z,converact-g03-53-router-b63383b,0.06%,36.78MiB / 7.506GiB,0.48%,17
2026-08-09T07:09:54.222530973Z,converact-g03-53-rustpbx-b63383b,0.03%,249.5MiB / 7.506GiB,3.25%,9
2026-08-09T07:09:54.222530973Z,converact-g03-53-router-b63383b,0.05%,36.89MiB / 7.506GiB,0.48%,17
2026-08-09T07:10:56.755528408Z,converact-g03-53-rustpbx-b63383b,0.01%,249.5MiB / 7.506GiB,3.25%,9
2026-08-09T07:10:56.755528408Z,converact-g03-53-router-b63383b,0.09%,36.76MiB / 7.506GiB,0.48%,17
2026-08-09T07:11:59.288647403Z,converact-g03-53-rustpbx-b63383b,0.01%,249.5MiB / 7.506GiB,3.25%,9
2026-08-09T07:11:59.288647403Z,converact-g03-53-router-b63383b,0.08%,36.88MiB / 7.506GiB,0.48%,17
2026-08-09T07:13:01.828177412Z,converact-g03-53-rustpbx-b63383b,0.01%,249.5MiB / 7.506GiB,3.25%,9
2026-08-09T07:13:01.828177412Z,converact-g03-53-router-b63383b,0.05%,36.98MiB / 7.506GiB,0.48%,17
2026-08-09T07:14:04.367633177Z,converact-g03-53-rustpbx-b63383b,0.01%,249.5MiB / 7.506GiB,3.25%,9
2026-08-09T07:14:04.367633177Z,converact-g03-53-router-b63383b,0.05%,37.12MiB / 7.506GiB,0.48%,17
2026-08-09T07:15:06.908058813Z,converact-g03-53-rustpbx-b63383b,0.01%,249.5MiB / 7.506GiB,3.25%,9
2026-08-09T07:15:06.908058813Z,converact-g03-53-router-b63383b,0.05%,36.98MiB / 7.506GiB,0.48%,17
2026-08-09T07:16:09.439913881Z,converact-g03-53-rustpbx-b63383b,0.01%,249.5MiB / 7.506GiB,3.25%,9
2026-08-09T07:16:09.439913881Z,converact-g03-53-router-b63383b,0.05%,37.11MiB / 7.506GiB,0.48%,17
2026-08-09T07:17:11.972080310Z,converact-g03-53-rustpbx-b63383b,0.01%,249.5MiB / 7.506GiB,3.25%,9
2026-08-09T07:17:11.972080310Z,converact-g03-53-router-b63383b,0.05%,37.21MiB / 7.506GiB,0.48%,17
2026-08-09T07:18:14.504654331Z,converact-g03-53-rustpbx-b63383b,0.01%,249.5MiB / 7.506GiB,3.25%,9
2026-08-09T07:18:14.504654331Z,converact-g03-53-router-b63383b,0.05%,37.1MiB / 7.506GiB,0.48%,17
2026-08-09T07:19:17.036573421Z,converact-g03-53-rustpbx-b63383b,0.01%,249.5MiB / 7.506GiB,3.25%,9
2026-08-09T07:19:17.036573421Z,converact-g03-53-router-b63383b,0.05%,37.22MiB / 7.506GiB,0.48%,17
2026-08-09T07:20:19.569331052Z,converact-g03-53-rustpbx-b63383b,0.01%,249.5MiB / 7.506GiB,3.25%,9
2026-08-09T07:20:19.569331052Z,converact-g03-53-router-b63383b,0.10%,37.38MiB / 7.506GiB,0.49%,17
2026-08-09T07:21:22.102049199Z,converact-g03-53-rustpbx-b63383b,0.01%,249.5MiB / 7.506GiB,3.25%,9
2026-08-09T07:21:22.102049199Z,converact-g03-53-router-b63383b,0.10%,37.48MiB / 7.506GiB,0.49%,17
2026-08-09T07:22:24.634619244Z,converact-g03-53-rustpbx-b63383b,0.02%,249.5MiB / 7.506GiB,3.25%,9
2026-08-09T07:22:24.634619244Z,converact-g03-53-router-b63383b,0.04%,37.37MiB / 7.506GiB,0.49%,17
2026-08-09T07:23:27.167431776Z,converact-g03-53-rustpbx-b63383b,0.01%,249.5MiB / 7.506GiB,3.25%,9
2026-08-09T07:23:27.167431776Z,converact-g03-53-router-b63383b,0.04%,37.49MiB / 7.506GiB,0.49%,17
2026-08-09T07:24:29.698852582Z,converact-g03-53-rustpbx-b63383b,0.01%,249.5MiB / 7.506GiB,3.25%,9
2026-08-09T07:24:29.698852582Z,converact-g03-53-router-b63383b,0.04%,37.59MiB / 7.506GiB,0.49%,17
2026-08-09T07:25:32.231175284Z,converact-g03-53-rustpbx-b63383b,0.01%,249.5MiB / 7.506GiB,3.25%,9
2026-08-09T07:25:32.231175284Z,converact-g03-53-router-b63383b,0.05%,37.63MiB / 7.506GiB,0.49%,17
2026-08-09T07:26:34.762856027Z,converact-g03-53-rustpbx-b63383b,0.01%,249.5MiB / 7.506GiB,3.25%,9
2026-08-09T07:26:34.762856027Z,converact-g03-53-router-b63383b,0.04%,38.26MiB / 7.506GiB,0.50%,17
2026-08-09T07:27:37.295974915Z,converact-g03-53-rustpbx-b63383b,0.01%,249.5MiB / 7.506GiB,3.25%,9
2026-08-09T07:27:37.295974915Z,converact-g03-53-router-b63383b,0.10%,36.82MiB / 7.506GiB,0.48%,17
2026-08-09T07:28:39.828601923Z,converact-g03-53-rustpbx-b63383b,0.01%,249.5MiB / 7.506GiB,3.25%,9
2026-08-09T07:28:39.828601923Z,converact-g03-53-router-b63383b,0.04%,36.92MiB / 7.506GiB,0.48%,17
2026-08-09T07:29:42.360583349Z,converact-g03-53-rustpbx-b63383b,0.01%,249.5MiB / 7.506GiB,3.25%,9
2026-08-09T07:29:42.360583349Z,converact-g03-53-router-b63383b,0.04%,36.77MiB / 7.506GiB,0.48%,17
2026-08-09T07:30:44.895329748Z,converact-g03-53-rustpbx-b63383b,0.01%,249.5MiB / 7.506GiB,3.25%,9
2026-08-09T07:30:44.895329748Z,converact-g03-53-router-b63383b,0.09%,36.86MiB / 7.506GiB,0.48%,17
2026-08-09T07:31:47.427603696Z,converact-g03-53-rustpbx-b63383b,0.01%,249.5MiB / 7.506GiB,3.25%,9
2026-08-09T07:31:47.427603696Z,converact-g03-53-router-b63383b,0.05%,37MiB / 7.506GiB,0.48%,18
2026-08-09T07:32:49.961079219Z,converact-g03-53-rustpbx-b63383b,0.01%,249.5MiB / 7.506GiB,3.25%,9
2026-08-09T07:32:49.961079219Z,converact-g03-53-router-b63383b,0.05%,36.84MiB / 7.506GiB,0.48%,18
2026-08-09T07:33:52.492147557Z,converact-g03-53-rustpbx-b63383b,0.02%,249.5MiB / 7.506GiB,3.25%,9
2026-08-09T07:33:52.492147557Z,converact-g03-53-router-b63383b,0.04%,36.96MiB / 7.506GiB,0.48%,18
2026-08-09T07:34:55.024880883Z,converact-g03-53-rustpbx-b63383b,0.01%,249.5MiB / 7.506GiB,3.25%,9
2026-08-09T07:34:55.024880883Z,converact-g03-53-router-b63383b,0.05%,37.04MiB / 7.506GiB,0.48%,18
2026-08-09T07:35:57.557042225Z,converact-g03-53-rustpbx-b63383b,0.01%,249.5MiB / 7.506GiB,3.25%,9
2026-08-09T07:35:57.557042225Z,converact-g03-53-router-b63383b,0.10%,37.13MiB / 7.506GiB,0.48%,18
2026-08-09T07:37:00.088791021Z,converact-g03-53-rustpbx-b63383b,0.01%,249.5MiB / 7.506GiB,3.25%,9
2026-08-09T07:37:00.088791021Z,converact-g03-53-router-b63383b,0.04%,36.98MiB / 7.506GiB,0.48%,18
2026-08-09T07:38:02.621499957Z,converact-g03-53-rustpbx-b63383b,0.01%,249.5MiB / 7.506GiB,3.25%,9
2026-08-09T07:38:02.621499957Z,converact-g03-53-router-b63383b,0.04%,37.05MiB / 7.506GiB,0.48%,18
2026-08-09T07:39:05.155153219Z,converact-g03-53-rustpbx-b63383b,0.01%,249.5MiB / 7.506GiB,3.25%,9
2026-08-09T07:39:05.155153219Z,converact-g03-53-router-b63383b,0.04%,37.12MiB / 7.506GiB,0.48%,18
2026-08-09T07:40:07.689204797Z,converact-g03-53-rustpbx-b63383b,0.02%,249.5MiB / 7.506GiB,3.25%,9
2026-08-09T07:40:07.689204797Z,converact-g03-53-router-b63383b,0.05%,36.95MiB / 7.506GiB,0.48%,18
2026-08-09T07:41:10.233995944Z,converact-g03-53-rustpbx-b63383b,0.01%,249.5MiB / 7.506GiB,3.25%,9
2026-08-09T07:41:10.233995944Z,converact-g03-53-router-b63383b,0.04%,37.02MiB / 7.506GiB,0.48%,18
2026-08-09T07:42:12.766946237Z,converact-g03-53-rustpbx-b63383b,0.01%,249.5MiB / 7.506GiB,3.25%,9
2026-08-09T07:42:12.766946237Z,converact-g03-53-router-b63383b,0.04%,37.12MiB / 7.506GiB,0.48%,18
2026-08-09T07:43:15.300020895Z,converact-g03-53-rustpbx-b63383b,0.01%,249.5MiB / 7.506GiB,3.25%,9
2026-08-09T07:43:15.300020895Z,converact-g03-53-router-b63383b,0.09%,36.98MiB / 7.506GiB,0.48%,18
2026-08-09T07:44:17.832534511Z,converact-g03-53-rustpbx-b63383b,0.01%,249.5MiB / 7.506GiB,3.25%,9
2026-08-09T07:44:17.832534511Z,converact-g03-53-router-b63383b,0.05%,37.05MiB / 7.506GiB,0.48%,18
2026-08-09T07:45:20.367519615Z,converact-g03-53-rustpbx-b63383b,0.01%,249.5MiB / 7.506GiB,3.25%,9
2026-08-09T07:45:20.367519615Z,converact-g03-53-router-b63383b,0.08%,37.12MiB / 7.506GiB,0.48%,18
2026-08-09T07:46:22.901285847Z,converact-g03-53-rustpbx-b63383b,0.02%,249.5MiB / 7.506GiB,3.25%,9
2026-08-09T07:46:22.901285847Z,converact-g03-53-router-b63383b,0.10%,37.19MiB / 7.506GiB,0.48%,18
2026-08-09T07:47:25.435919953Z,converact-g03-53-rustpbx-b63383b,0.02%,249.5MiB / 7.506GiB,3.25%,9
2026-08-09T07:47:25.435919953Z,converact-g03-53-router-b63383b,0.09%,37.02MiB / 7.506GiB,0.48%,18
2026-08-09T07:48:27.969202028Z,converact-g03-53-rustpbx-b63383b,0.01%,249.5MiB / 7.506GiB,3.25%,9
2026-08-09T07:48:27.969202028Z,converact-g03-53-router-b63383b,0.05%,37.09MiB / 7.506GiB,0.48%,18
2026-08-09T07:49:30.501204589Z,converact-g03-53-rustpbx-b63383b,0.01%,249.5MiB / 7.506GiB,3.25%,9
2026-08-09T07:49:30.501204589Z,converact-g03-53-router-b63383b,0.05%,37.16MiB / 7.506GiB,0.48%,18
2026-08-09T07:50:33.033869159Z,converact-g03-53-rustpbx-b63383b,0.01%,249.5MiB / 7.506GiB,3.25%,9
2026-08-09T07:50:33.033869159Z,converact-g03-53-router-b63383b,0.10%,36.99MiB / 7.506GiB,0.48%,18
2026-08-09T07:51:35.566096908Z,converact-g03-53-rustpbx-b63383b,0.01%,249.5MiB / 7.506GiB,3.25%,9
2026-08-09T07:51:35.566096908Z,converact-g03-53-router-b63383b,0.04%,37.06MiB / 7.506GiB,0.48%,18
2026-08-09T07:52:38.098576585Z,converact-g03-53-rustpbx-b63383b,0.02%,249.5MiB / 7.506GiB,3.25%,9
2026-08-09T07:52:38.098576585Z,converact-g03-53-router-b63383b,0.04%,37.13MiB / 7.506GiB,0.48%,18
2026-08-09T07:53:40.631474973Z,converact-g03-53-rustpbx-b63383b,0.01%,249.5MiB / 7.506GiB,3.25%,9
2026-08-09T07:53:40.631474973Z,converact-g03-53-router-b63383b,0.05%,37.2MiB / 7.506GiB,0.48%,18
2026-08-09T07:54:43.164233721Z,converact-g03-53-rustpbx-b63383b,0.01%,249.5MiB / 7.506GiB,3.25%,9
2026-08-09T07:54:43.164233721Z,converact-g03-53-router-b63383b,0.04%,37.03MiB / 7.506GiB,0.48%,18
2026-08-09T07:55:45.697374023Z,converact-g03-53-rustpbx-b63383b,0.01%,249.5MiB / 7.506GiB,3.25%,9
2026-08-09T07:55:45.697374023Z,converact-g03-53-router-b63383b,0.09%,37.1MiB / 7.506GiB,0.48%,18
2026-08-09T07:56:48.230201810Z,converact-g03-53-rustpbx-b63383b,0.01%,249.5MiB / 7.506GiB,3.25%,9
2026-08-09T07:56:48.230201810Z,converact-g03-53-router-b63383b,0.05%,37.17MiB / 7.506GiB,0.48%,18
2026-08-09T07:57:50.763188637Z,converact-g03-53-rustpbx-b63383b,0.02%,249.5MiB / 7.506GiB,3.25%,9
2026-08-09T07:57:50.763188637Z,converact-g03-53-router-b63383b,0.04%,37MiB / 7.506GiB,0.48%,18
2026-08-09T07:58:53.295021143Z,converact-g03-53-rustpbx-b63383b,0.01%,249.5MiB / 7.506GiB,3.25%,9
2026-08-09T07:58:53.295021143Z,converact-g03-53-router-b63383b,0.05%,37.07MiB / 7.506GiB,0.48%,18
2026-08-09T07:59:55.827320720Z,converact-g03-53-rustpbx-b63383b,0.01%,249.5MiB / 7.506GiB,3.25%,9
2026-08-09T07:59:55.827320720Z,converact-g03-53-router-b63383b,0.10%,37.14MiB / 7.506GiB,0.48%,18
2026-08-09T08:00:58.360324344Z,converact-g03-53-rustpbx-b63383b,0.01%,249.5MiB / 7.506GiB,3.25%,9
2026-08-09T08:00:58.360324344Z,converact-g03-53-router-b63383b,0.06%,37.21MiB / 7.506GiB,0.48%,18
2026-08-09T08:02:00.896967417Z,converact-g03-53-rustpbx-b63383b,0.01%,249.5MiB / 7.506GiB,3.25%,9
2026-08-09T08:02:00.896967417Z,converact-g03-53-router-b63383b,0.05%,37.04MiB / 7.506GiB,0.48%,18
2026-08-09T08:03:03.429528341Z,converact-g03-53-rustpbx-b63383b,0.02%,249.5MiB / 7.506GiB,3.25%,9
2026-08-09T08:03:03.429528341Z,converact-g03-53-router-b63383b,0.05%,37.11MiB / 7.506GiB,0.48%,18
2026-08-09T08:04:05.975533982Z,converact-g03-53-rustpbx-b63383b,0.01%,249.5MiB / 7.506GiB,3.25%,9
2026-08-09T08:04:05.975533982Z,converact-g03-53-router-b63383b,0.04%,37.21MiB / 7.506GiB,0.48%,18
2026-08-09T08:05:08.508420129Z,converact-g03-53-rustpbx-b63383b,0.02%,249.5MiB / 7.506GiB,3.25%,9
2026-08-09T08:05:08.508420129Z,converact-g03-53-router-b63383b,0.04%,37.07MiB / 7.506GiB,0.48%,18
2026-08-09T08:06:11.041605418Z,converact-g03-53-rustpbx-b63383b,0.01%,249.5MiB / 7.506GiB,3.25%,9
2026-08-09T08:06:11.041605418Z,converact-g03-53-router-b63383b,0.08%,37.09MiB / 7.506GiB,0.48%,18
2026-08-09T08:07:13.575835082Z,converact-g03-53-rustpbx-b63383b,0.01%,249.5MiB / 7.506GiB,3.25%,9
2026-08-09T08:07:13.575835082Z,converact-g03-53-router-b63383b,0.08%,37.16MiB / 7.506GiB,0.48%,18
2026-08-09T08:08:16.110120467Z,converact-g03-53-rustpbx-b63383b,0.01%,249.5MiB / 7.506GiB,3.25%,9
2026-08-09T08:08:16.110120467Z,converact-g03-53-router-b63383b,0.05%,37.23MiB / 7.506GiB,0.48%,18
2026-08-09T08:09:18.644427090Z,converact-g03-53-rustpbx-b63383b,0.01%,249.5MiB / 7.506GiB,3.25%,9
2026-08-09T08:09:18.644427090Z,converact-g03-53-router-b63383b,0.04%,37.04MiB / 7.506GiB,0.48%,18
2026-08-09T08:10:21.176825910Z,converact-g03-53-rustpbx-b63383b,0.01%,249.5MiB / 7.506GiB,3.25%,9
2026-08-09T08:10:21.176825910Z,converact-g03-53-router-b63383b,0.04%,37.11MiB / 7.506GiB,0.48%,18
2026-08-09T08:11:23.710963817Z,converact-g03-53-rustpbx-b63383b,0.02%,249.5MiB / 7.506GiB,3.25%,9
2026-08-09T08:11:23.710963817Z,converact-g03-53-router-b63383b,0.04%,37.18MiB / 7.506GiB,0.48%,18
2026-08-09T08:12:26.244288647Z,converact-g03-53-rustpbx-b63383b,0.01%,249.5MiB / 7.506GiB,3.25%,9
2026-08-09T08:12:26.244288647Z,converact-g03-53-router-b63383b,0.05%,36.99MiB / 7.506GiB,0.48%,18
2026-08-09T08:13:28.776747786Z,converact-g03-53-rustpbx-b63383b,0.01%,249.5MiB / 7.506GiB,3.25%,9
2026-08-09T08:13:28.776747786Z,converact-g03-53-router-b63383b,0.08%,37.07MiB / 7.506GiB,0.48%,18
2026-08-09T08:14:31.310667361Z,converact-g03-53-rustpbx-b63383b,0.01%,249.5MiB / 7.506GiB,3.25%,9
2026-08-09T08:14:31.310667361Z,converact-g03-53-router-b63383b,0.04%,37.13MiB / 7.506GiB,0.48%,18
2026-08-09T08:15:33.843252984Z,converact-g03-53-rustpbx-b63383b,0.01%,249.5MiB / 7.506GiB,3.25%,9
2026-08-09T08:15:33.843252984Z,converact-g03-53-router-b63383b,0.08%,37.2MiB / 7.506GiB,0.48%,18
2026-08-09T08:16:36.375631693Z,converact-g03-53-rustpbx-b63383b,0.01%,249.5MiB / 7.506GiB,3.25%,9
2026-08-09T08:16:36.375631693Z,converact-g03-53-router-b63383b,0.04%,37.01MiB / 7.506GiB,0.48%,18
2026-08-09T08:17:38.909266847Z,converact-g03-53-rustpbx-b63383b,0.02%,249.5MiB / 7.506GiB,3.25%,9
2026-08-09T08:17:38.909266847Z,converact-g03-53-router-b63383b,0.09%,37.08MiB / 7.506GiB,0.48%,18
2026-08-09T08:18:40.441515867Z,converact-g03-53-rustpbx-b63383b,0.01%,249.5MiB / 7.506GiB,3.25%,9
2026-08-09T08:18:40.441515867Z,converact-g03-53-router-b63383b,0.05%,37.15MiB / 7.506GiB,0.48%,18
2026-08-09T08:19:42.973917826Z,converact-g03-53-rustpbx-b63383b,0.01%,249.5MiB / 7.506GiB,3.25%,9
2026-08-09T08:19:42.973917826Z,converact-g03-53-router-b63383b,0.09%,37.22MiB / 7.506GiB,0.48%,18
2026-08-09T08:20:45.519112224Z,converact-g03-53-rustpbx-b63383b,0.01%,249.5MiB / 7.506GiB,3.25%,9
2026-08-09T08:20:45.519112224Z,converact-g03-53-router-b63383b,0.09%,37.03MiB / 7.506GiB,0.48%,18
2026-08-09T08:21:47.051239416Z,converact-g03-53-rustpbx-b63383b,0.01%,249.5MiB / 7.506GiB,3.25%,9
2026-08-09T08:21:47.051239416Z,converact-g03-53-router-b63383b,0.05%,37.11MiB / 7.506GiB,0.48%,18
2026-08-09T08:22:49.584167256Z,converact-g03-53-rustpbx-b63383b,0.01%,249.5MiB / 7.506GiB,3.25%,9
2026-08-09T08:22:49.584167256Z,converact-g03-53-router-b63383b,0.10%,37.2MiB / 7.506GiB,0.48%,18
2026-08-09T08:23:52.116404150Z,converact-g03-53-rustpbx-b63383b,0.01%,249.5MiB / 7.506GiB,3.25%,9
2026-08-09T08:23:52.116404150Z,converact-g03-53-router-b63383b,0.09%,37.26MiB / 7.506GiB,0.48%,18
2026-08-09T08:24:54.648469014Z,converact-g03-53-rustpbx-b63383b,0.01%,249.5MiB / 7.506GiB,3.25%,9
2026-08-09T08:24:54.648469014Z,converact-g03-53-router-b63383b,0.04%,37.06MiB / 7.506GiB,0.48%,18
2026-08-09T08:25:57.181923937Z,converact-g03-53-rustpbx-b63383b,0.01%,249.5MiB / 7.506GiB,3.25%,9
2026-08-09T08:25:57.181923937Z,converact-g03-53-router-b63383b,0.06%,37.13MiB / 7.506GiB,0.48%,18
2026-08-09T08:26:59.713743524Z,converact-g03-53-rustpbx-b63383b,0.01%,249.5MiB / 7.506GiB,3.25%,9
2026-08-09T08:26:59.713743524Z,converact-g03-53-router-b63383b,0.09%,37.2MiB / 7.506GiB,0.48%,18
2026-08-09T08:28:02.246409006Z,converact-g03-53-rustpbx-b63383b,0.01%,249.5MiB / 7.506GiB,3.25%,9
2026-08-09T08:28:02.246409006Z,converact-g03-53-router-b63383b,0.08%,37.27MiB / 7.506GiB,0.48%,18
2026-08-09T08:29:04.779180145Z,converact-g03-53-rustpbx-b63383b,0.01%,249.5MiB / 7.506GiB,3.25%,9
2026-08-09T08:29:04.779180145Z,converact-g03-53-router-b63383b,0.04%,37.07MiB / 7.506GiB,0.48%,18
2026-08-09T08:30:07.311534825Z,converact-g03-53-rustpbx-b63383b,0.01%,249.5MiB / 7.506GiB,3.25%,9
2026-08-09T08:30:07.311534825Z,converact-g03-53-router-b63383b,0.05%,37.14MiB / 7.506GiB,0.48%,18
2026-08-09T08:31:09.847931411Z,converact-g03-53-rustpbx-b63383b,0.01%,249.5MiB / 7.506GiB,3.25%,9
2026-08-09T08:31:09.847931411Z,converact-g03-53-router-b63383b,0.09%,37.21MiB / 7.506GiB,0.48%,18
2026-08-09T08:32:12.383414361Z,converact-g03-53-rustpbx-b63383b,0.02%,249.5MiB / 7.506GiB,3.25%,9
2026-08-09T08:32:12.383414361Z,converact-g03-53-router-b63383b,0.09%,37.29MiB / 7.506GiB,0.49%,18
2026-08-09T08:33:14.915669001Z,converact-g03-53-rustpbx-b63383b,0.01%,249.5MiB / 7.506GiB,3.25%,9
2026-08-09T08:33:14.915669001Z,converact-g03-53-router-b63383b,0.05%,37.07MiB / 7.506GiB,0.48%,18
2026-08-09T08:34:17.447944886Z,converact-g03-53-rustpbx-b63383b,0.01%,249.5MiB / 7.506GiB,3.25%,9
2026-08-09T08:34:17.447944886Z,converact-g03-53-router-b63383b,0.04%,37.14MiB / 7.506GiB,0.48%,18
2026-08-09T08:35:19.979152307Z,converact-g03-53-rustpbx-b63383b,0.01%,249.5MiB / 7.506GiB,3.25%,9
2026-08-09T08:35:19.979152307Z,converact-g03-53-router-b63383b,0.04%,37.21MiB / 7.506GiB,0.48%,18
2026-08-09T08:36:22.513131427Z,converact-g03-53-rustpbx-b63383b,0.01%,249.5MiB / 7.506GiB,3.25%,9
2026-08-09T08:36:22.513131427Z,converact-g03-53-router-b63383b,0.04%,37.29MiB / 7.506GiB,0.49%,18
2026-08-09T08:37:25.046629470Z,converact-g03-53-rustpbx-b63383b,0.01%,249.5MiB / 7.506GiB,3.25%,9
2026-08-09T08:37:25.046629470Z,converact-g03-53-router-b63383b,0.05%,37.07MiB / 7.506GiB,0.48%,18
2026-08-09T08:38:27.579386989Z,converact-g03-53-rustpbx-b63383b,0.01%,249.5MiB / 7.506GiB,3.25%,9
2026-08-09T08:38:27.579386989Z,converact-g03-53-router-b63383b,0.04%,37.14MiB / 7.506GiB,0.48%,18
2026-08-09T08:39:30.112203214Z,converact-g03-53-rustpbx-b63383b,0.02%,249.5MiB / 7.506GiB,3.25%,9
2026-08-09T08:39:30.112203214Z,converact-g03-53-router-b63383b,0.04%,37.21MiB / 7.506GiB,0.48%,18
2026-08-09T08:40:32.648523639Z,converact-g03-53-rustpbx-b63383b,0.01%,249.5MiB / 7.506GiB,3.25%,9
2026-08-09T08:40:32.648523639Z,converact-g03-53-router-b63383b,0.04%,37.28MiB / 7.506GiB,0.49%,18
2026-08-09T08:41:35.181448165Z,converact-g03-53-rustpbx-b63383b,0.01%,249.5MiB / 7.506GiB,3.25%,9
2026-08-09T08:41:35.181448165Z,converact-g03-53-router-b63383b,0.08%,37.07MiB / 7.506GiB,0.48%,18
2026-08-09T08:42:37.714663341Z,converact-g03-53-rustpbx-b63383b,0.02%,249.5MiB / 7.506GiB,3.25%,9
2026-08-09T08:42:37.714663341Z,converact-g03-53-router-b63383b,0.04%,37.14MiB / 7.506GiB,0.48%,18
2026-08-09T08:43:40.246884474Z,converact-g03-53-rustpbx-b63383b,0.01%,249.5MiB / 7.506GiB,3.25%,9
2026-08-09T08:43:40.246884474Z,converact-g03-53-router-b63383b,0.04%,37.42MiB / 7.506GiB,0.49%,18
2026-08-09T08:44:42.778988858Z,converact-g03-53-rustpbx-b63383b,0.01%,249.5MiB / 7.506GiB,3.25%,9
2026-08-09T08:44:42.778988858Z,converact-g03-53-router-b63383b,0.08%,37.29MiB / 7.506GiB,0.49%,18
2026-08-09T08:45:45.311192918Z,converact-g03-53-rustpbx-b63383b,0.01%,249.5MiB / 7.506GiB,3.25%,9
2026-08-09T08:45:45.311192918Z,converact-g03-53-router-b63383b,0.05%,37.08MiB / 7.506GiB,0.48%,18
2026-08-09T08:46:47.842181201Z,converact-g03-53-rustpbx-b63383b,0.01%,249.5MiB / 7.506GiB,3.25%,9
2026-08-09T08:46:47.842181201Z,converact-g03-53-router-b63383b,0.05%,37.14MiB / 7.506GiB,0.48%,18
2026-08-09T08:47:50.374745022Z,converact-g03-53-rustpbx-b63383b,0.01%,249.5MiB / 7.506GiB,3.25%,9
2026-08-09T08:47:50.374745022Z,converact-g03-53-router-b63383b,0.04%,37.21MiB / 7.506GiB,0.48%,18
2026-08-09T08:48:52.906288853Z,converact-g03-53-rustpbx-b63383b,0.03%,249.5MiB / 7.506GiB,3.25%,9
2026-08-09T08:48:52.906288853Z,converact-g03-53-router-b63383b,0.04%,37.29MiB / 7.506GiB,0.49%,18
2026-08-09T08:49:55.440059489Z,converact-g03-53-rustpbx-b63383b,0.01%,249.5MiB / 7.506GiB,3.25%,9
2026-08-09T08:49:55.440059489Z,converact-g03-53-router-b63383b,0.04%,37.07MiB / 7.506GiB,0.48%,18
2026-08-09T08:50:57.971281570Z,converact-g03-53-rustpbx-b63383b,0.01%,249.5MiB / 7.506GiB,3.25%,9
2026-08-09T08:50:57.971281570Z,converact-g03-53-router-b63383b,0.08%,37.16MiB / 7.506GiB,0.48%,18
2026-08-09T08:52:00.503918094Z,converact-g03-53-rustpbx-b63383b,0.01%,249.5MiB / 7.506GiB,3.25%,9
2026-08-09T08:52:00.503918094Z,converact-g03-53-router-b63383b,0.04%,37.23MiB / 7.506GiB,0.48%,18
2026-08-09T08:53:03.037116664Z,converact-g03-53-rustpbx-b63383b,0.01%,249.5MiB / 7.506GiB,3.25%,9
2026-08-09T08:53:03.037116664Z,converact-g03-53-router-b63383b,0.08%,37.3MiB / 7.506GiB,0.49%,18
2026-08-09T08:54:05.572710898Z,converact-g03-53-rustpbx-b63383b,0.01%,249.5MiB / 7.506GiB,3.25%,9
2026-08-09T08:54:05.572710898Z,converact-g03-53-router-b63383b,0.05%,37.09MiB / 7.506GiB,0.48%,18
2026-08-09T08:55:08.106212556Z,converact-g03-53-rustpbx-b63383b,0.02%,249.5MiB / 7.506GiB,3.25%,9
2026-08-09T08:55:08.106212556Z,converact-g03-53-router-b63383b,0.04%,37.16MiB / 7.506GiB,0.48%,18
2026-08-09T08:56:10.640932878Z,converact-g03-53-rustpbx-b63383b,0.01%,249.5MiB / 7.506GiB,3.25%,9
2026-08-09T08:56:10.640932878Z,converact-g03-53-router-b63383b,0.05%,37.23MiB / 7.506GiB,0.48%,18
2026-08-09T08:57:13.187891401Z,converact-g03-53-rustpbx-b63383b,0.01%,249.5MiB / 7.506GiB,3.25%,9
2026-08-09T08:57:13.187891401Z,converact-g03-53-router-b63383b,0.09%,37.3MiB / 7.506GiB,0.49%,18
2026-08-09T08:58:15.725689199Z,converact-g03-53-rustpbx-b63383b,0.01%,249.5MiB / 7.506GiB,3.25%,9
2026-08-09T08:58:15.725689199Z,converact-g03-53-router-b63383b,0.04%,37.09MiB / 7.506GiB,0.48%,18
2026-08-09T08:59:18.258218914Z,converact-g03-53-rustpbx-b63383b,0.01%,249.5MiB / 7.506GiB,3.25%,9
2026-08-09T08:59:18.258218914Z,converact-g03-53-router-b63383b,0.08%,37.16MiB / 7.506GiB,0.48%,18
2026-08-09T09:00:20.792763437Z,converact-g03-53-rustpbx-b63383b,0.01%,249.5MiB / 7.506GiB,3.25%,9
2026-08-09T09:00:20.792763437Z,converact-g03-53-router-b63383b,0.05%,37.23MiB / 7.506GiB,0.48%,18
