StartTime;LastResetTime;CurrentTime;ElapsedTime(P);ElapsedTime(C);TargetRate;CallRate(P);CallRate(C);IncomingCall(P);IncomingCall(C);OutgoingCall(P);OutgoingCall(C);TotalCallCreated;CurrentCall;SuccessfulCall(P);SuccessfulCall(C);FailedCall(P);FailedCall(C);FailedCannotSendMessage(P);FailedCannotSendMessage(C);FailedMaxUDPRetrans(P);FailedMaxUDPRetrans(C);FailedTcpConnect(P);FailedTcpConnect(C);FailedTcpClosed(P);FailedTcpClosed(C);FailedUnexpectedMessage(P);FailedUnexpectedMessage(C);FailedCallRejected(P);FailedCallRejected(C);FailedCmdNotSent(P);FailedCmdNotSent(C);FailedRegexpDoesntMatch(P);FailedRegexpDoesntMatch(C);FailedRegexpShouldntMatch(P);FailedRegexpShouldntMatch(C);FailedRegexpHdrNotFound(P);FailedRegexpHdrNotFound(C);FailedOutboundCongestion(P);FailedOutboundCongestion(C);FailedTimeoutOnRecv(P);FailedTimeoutOnRecv(C);FailedTimeoutOnSend(P);FailedTimeoutOnSend(C);FailedTestDoesntMatch(P);FailedTestDoesntMatch(C);FailedTestShouldntMatch(P);FailedTestShouldntMatch(C);FailedStrcmpDoesntMatch(P);FailedStrcmpDoesntMatch(C);FailedStrcmpShouldntMatch(P);FailedStrcmpShouldntMatch(C);OutOfCallMsgs(P);OutOfCallMsgs(C);DeadCallMsgs(P);DeadCallMsgs(C);Retransmissions(P);Retransmissions(C);AutoAnswered(P);AutoAnswered(C);Warnings(P);Warnings(C);FatalErrors(P);FatalErrors(C);WatchdogMajor(P);WatchdogMajor(C);WatchdogMinor(P);WatchdogMinor(C);CallLength(P);CallLength(C);CallLengthStDev(P);CallLengthStDev(C);
2026-08-09	07:00:32.018271	1786258832.018271;2026-08-09	07:00:32.018271	1786258832.018271;2026-08-09	07:00:32.020250	1786258832.020250;00:00:00;00:00:00;10.000;0.000;0.000;0;0;0;0;0;0;0;0;0;0;0;0;0;0;0;0;0;0;0;0;0;0;0;0;0;0;0;0;0;0;0;0;0;0;0;0;0;0;0;0;0;0;0;0;0;0;0;0;0;0;0;0;0;0;0;0;0;0;0;0;00:00:00:000000;00:00:00:000000;00:00:00:000000;00:00:00:000000;
2026-08-09	07:00:32.018271	1786258832.018271;2026-08-09	07:00:32.020839	1786258832.020839;2026-08-09	07:01:32.021951	1786258892.021951;00:01:00;00:01:00;10.000;0.017;0.017;1;1;0;0;1;1;0;0;0;0;0;0;0;0;0;0;0;0;0;0;0;0;0;0;0;0;0;0;0;0;0;0;0;0;0;0;0;0;0;0;0;0;0;0;0;0;0;0;0;0;0;0;0;0;0;0;0;0;0;0;00:00:00:000000;00:00:00:000000;00:00:00:000000;00:00:00:000000;
2026-08-09	07:00:32.018271	1786258832.018271;2026-08-09	07:01:32.022007	1786258892.022007;2026-08-09	07:02:32.022952	1786258952.022952;00:01:00;00:02:00;10.000;0.000;0.008;0;1;0;0;1;1;0;0;0;0;0;0;0;0;0;0;0;0;0;0;0;0;0;0;0;0;0;0;0;0;0;0;0;0;0;0;0;0;0;0;0;0;0;0;0;0;0;0;0;0;0;0;0;0;0;0;0;0;0;0;00:00:00:000000;00:00:00:000000;00:00:00:000000;00:00:00:000000;
2026-08-09	07:00:32.018271	1786258832.018271;2026-08-09	07:02:32.023013	1786258952.023013;2026-08-09	07:03:32.024720	1786259012.024720;00:01:00;00:03:00;10.000;0.000;0.006;0;1;0;0;1;1;0;0;0;0;0;0;0;0;0;0;0;0;0;0;0;0;0;0;0;0;0;0;0;0;0;0;0;0;0;0;0;0;0;0;0;0;0;0;0;0;0;0;0;0;0;0;0;0;0;0;0;0;0;0;00:00:00:000000;00:00:00:000000;00:00:00:000000;00:00:00:000000;
2026-08-09	07:00:32.018271	1786258832.018271;2026-08-09	07:03:32.024780	1786259012.024780;2026-08-09	07:04:32.025891	1786259072.025891;00:01:00;00:04:00;10.000;0.000;0.004;0;1;0;0;1;1;0;0;0;0;0;0;0;0;0;0;0;0;0;0;0;0;0;0;0;0;0;0;0;0;0;0;0;0;0;0;0;0;0;0;0;0;0;0;0;0;0;0;0;0;0;0;0;0;0;0;0;0;0;0;00:00:00:000000;00:00:00:000000;00:00:00:000000;00:00:00:000000;
2026-08-09	07:00:32.018271	1786258832.018271;2026-08-09	07:04:32.025957	1786259072.025957;2026-08-09	07:05:32.027727	1786259132.027727;00:01:00;00:05:00;10.000;0.000;0.003;0;1;0;0;1;1;0;0;0;0;0;0;0;0;0;0;0;0;0;0;0;0;0;0;0;0;0;0;0;0;0;0;0;0;0;0;0;0;0;0;0;0;0;0;0;0;0;0;0;0;0;0;0;0;0;0;0;0;0;0;00:00:00:000000;00:00:00:000000;00:00:00:000000;00:00:00:000000;
2026-08-09	07:00:32.018271	1786258832.018271;2026-08-09	07:05:32.027785	1786259132.027785;2026-08-09	07:06:32.030716	1786259192.030716;00:01:00;00:06:00;10.000;0.000;0.003;0;1;0;0;1;1;0;0;0;0;0;0;0;0;0;0;0;0;0;0;0;0;0;0;0;0;0;0;0;0;0;0;0;0;0;0;0;0;0;0;0;0;0;0;0;0;0;0;0;0;0;0;0;0;0;0;0;0;0;0;00:00:00:000000;00:00:00:000000;00:00:00:000000;00:00:00:000000;
2026-08-09	07:00:32.018271	1786258832.018271;2026-08-09	07:06:32.030782	1786259192.030782;2026-08-09	07:07:32.031338	1786259252.031338;00:01:00;00:07:00;10.000;0.000;0.002;0;1;0;0;1;1;0;0;0;0;0;0;0;0;0;0;0;0;0;0;0;0;0;0;0;0;0;0;0;0;0;0;0;0;0;0;0;0;0;0;0;0;0;0;0;0;0;0;0;0;0;0;0;0;0;0;0;0;0;0;00:00:00:000000;00:00:00:000000;00:00:00:000000;00:00:00:000000;
2026-08-09	07:00:32.018271	1786258832.018271;2026-08-09	07:07:32.031413	1786259252.031413;2026-08-09	07:08:32.033502	1786259312.033502;00:01:00;00:08:00;10.000;0.000;0.002;0;1;0;0;1;1;0;0;0;0;0;0;0;0;0;0;0;0;0;0;0;0;0;0;0;0;0;0;0;0;0;0;0;0;0;0;0;0;0;0;0;0;0;0;0;0;0;0;0;0;0;0;0;0;0;0;0;0;0;0;00:00:00:000000;00:00:00:000000;00:00:00:000000;00:00:00:000000;
2026-08-09	07:00:32.018271	1786258832.018271;2026-08-09	07:08:32.033562	1786259312.033562;2026-08-09	07:09:32.035533	1786259372.035533;00:01:00;00:09:00;10.000;0.000;0.002;0;1;0;0;1;1;0;0;0;0;0;0;0;0;0;0;0;0;0;0;0;0;0;0;0;0;0;0;0;0;0;0;0;0;0;0;0;0;0;0;0;0;0;0;0;0;0;0;0;0;0;0;0;0;0;0;0;0;0;0;00:00:00:000000;00:00:00:000000;00:00:00:000000;00:00:00:000000;
2026-08-09	07:00:32.018271	1786258832.018271;2026-08-09	07:09:32.035595	1786259372.035595;2026-08-09	07:10:32.036550	1786259432.036550;00:01:00;00:10:00;10.000;0.000;0.002;0;1;0;0;1;1;0;0;0;0;0;0;0;0;0;0;0;0;0;0;0;0;0;0;0;0;0;0;0;0;0;0;0;0;0;0;0;0;0;0;0;0;0;0;0;0;0;0;0;0;0;0;0;0;0;0;0;0;0;0;00:00:00:000000;00:00:00:000000;00:00:00:000000;00:00:00:000000;
2026-08-09	07:00:32.018271	1786258832.018271;2026-08-09	07:10:32.036616	1786259432.036616;2026-08-09	07:11:32.037761	1786259492.037761;00:01:00;00:11:00;10.000;0.000;0.002;0;1;0;0;1;1;0;0;0;0;0;0;0;0;0;0;0;0;0;0;0;0;0;0;0;0;0;0;0;0;0;0;0;0;0;0;0;0;0;0;0;0;0;0;0;0;0;0;0;0;0;0;0;0;0;0;0;0;0;0;00:00:00:000000;00:00:00:000000;00:00:00:000000;00:00:00:000000;
2026-08-09	07:00:32.018271	1786258832.018271;2026-08-09	07:11:32.037828	1786259492.037828;2026-08-09	07:12:32.039640	1786259552.039640;00:01:00;00:12:00;10.000;0.000;0.001;0;1;0;0;1;1;0;0;0;0;0;0;0;0;0;0;0;0;0;0;0;0;0;0;0;0;0;0;0;0;0;0;0;0;0;0;0;0;0;0;0;0;0;0;0;0;0;0;0;0;0;0;0;0;0;0;0;0;0;0;00:00:00:000000;00:00:00:000000;00:00:00:000000;00:00:00:000000;
2026-08-09	07:00:32.018271	1786258832.018271;2026-08-09	07:12:32.039700	1786259552.039700;2026-08-09	07:13:32.041115	1786259612.041115;00:01:00;00:13:00;10.000;0.000;0.001;0;1;0;0;1;1;0;0;0;0;0;0;0;0;0;0;0;0;0;0;0;0;0;0;0;0;0;0;0;0;0;0;0;0;0;0;0;0;0;0;0;0;0;0;0;0;0;0;0;0;0;0;0;0;0;0;0;0;0;0;00:00:00:000000;00:00:00:000000;00:00:00:000000;00:00:00:000000;
2026-08-09	07:00:32.018271	1786258832.018271;2026-08-09	07:13:32.041180	1786259612.041180;2026-08-09	07:14:32.041708	1786259672.041708;00:01:00;00:14:00;10.000;0.000;0.001;0;1;0;0;1;1;0;0;0;0;0;0;0;0;0;0;0;0;0;0;0;0;0;0;0;0;0;0;0;0;0;0;0;0;0;0;0;0;0;0;0;0;0;0;0;0;0;0;0;0;0;0;0;0;0;0;0;0;0;0;00:00:00:000000;00:00:00:000000;00:00:00:000000;00:00:00:000000;
2026-08-09	07:00:32.018271	1786258832.018271;2026-08-09	07:14:32.041786	1786259672.041786;2026-08-09	07:15:32.043235	1786259732.043235;00:01:00;00:15:00;10.000;0.000;0.001;0;1;0;0;1;1;0;0;0;0;0;0;0;0;0;0;0;0;0;0;0;0;0;0;0;0;0;0;0;0;0;0;0;0;0;0;0;0;0;0;0;0;0;0;0;0;0;0;0;0;0;0;0;0;0;0;0;0;0;0;00:00:00:000000;00:00:00:000000;00:00:00:000000;00:00:00:000000;
2026-08-09	07:00:32.018271	1786258832.018271;2026-08-09	07:15:32.043321	1786259732.043321;2026-08-09	07:16:32.045020	1786259792.045020;00:01:00;00:16:00;10.000;0.000;0.001;0;1;0;0;1;1;0;0;0;0;0;0;0;0;0;0;0;0;0;0;0;0;0;0;0;0;0;0;0;0;0;0;0;0;0;0;0;0;0;0;0;0;0;0;0;0;0;0;0;0;0;0;0;0;0;0;0;0;0;0;00:00:00:000000;00:00:00:000000;00:00:00:000000;00:00:00:000000;
2026-08-09	07:00:32.018271	1786258832.018271;2026-08-09	07:16:32.045080	1786259792.045080;2026-08-09	07:17:32.046068	1786259852.046068;00:01:00;00:17:00;10.000;0.000;0.001;0;1;0;0;1;1;0;0;0;0;0;0;0;0;0;0;0;0;0;0;0;0;0;0;0;0;0;0;0;0;0;0;0;0;0;0;0;0;0;0;0;0;0;0;0;0;0;0;0;0;0;0;0;0;0;0;0;0;0;0;00:00:00:000000;00:00:00:000000;00:00:00:000000;00:00:00:000000;
2026-08-09	07:00:32.018271	1786258832.018271;2026-08-09	07:17:32.046134	1786259852.046134;2026-08-09	07:18:32.047272	1786259912.047272;00:01:00;00:18:00;10.000;0.000;0.001;0;1;0;0;1;1;0;0;0;0;0;0;0;0;0;0;0;0;0;0;0;0;0;0;0;0;0;0;0;0;0;0;0;0;0;0;0;0;0;0;0;0;0;0;0;0;0;0;0;0;0;0;0;0;0;0;0;0;0;0;00:00:00:000000;00:00:00:000000;00:00:00:000000;00:00:00:000000;
2026-08-09	07:00:32.018271	1786258832.018271;2026-08-09	07:18:32.047368	1786259912.047368;2026-08-09	07:19:32.048308	1786259972.048308;00:01:00;00:19:00;10.000;0.000;0.001;0;1;0;0;1;1;0;0;0;0;0;0;0;0;0;0;0;0;0;0;0;0;0;0;0;0;0;0;0;0;0;0;0;0;0;0;0;0;0;0;0;0;0;0;0;0;0;0;0;0;0;0;0;0;0;0;0;0;0;0;00:00:00:000000;00:00:00:000000;00:00:00:000000;00:00:00:000000;
2026-08-09	07:00:32.018271	1786258832.018271;2026-08-09	07:19:32.048370	1786259972.048370;2026-08-09	07:20:32.049435	1786260032.049435;00:01:00;00:20:00;10.000;0.000;0.001;0;1;0;0;1;1;0;0;0;0;0;0;0;0;0;0;0;0;0;0;0;0;0;0;0;0;0;0;0;0;0;0;0;0;0;0;0;0;0;0;0;0;0;0;0;0;0;0;0;0;0;0;0;0;0;0;0;0;0;0;00:00:00:000000;00:00:00:000000;00:00:00:000000;00:00:00:000000;
2026-08-09	07:00:32.018271	1786258832.018271;2026-08-09	07:20:32.049500	1786260032.049500;2026-08-09	07:21:32.050946	1786260092.050946;00:01:00;00:21:00;10.000;0.000;0.001;0;1;0;0;1;1;0;0;0;0;0;0;0;0;0;0;0;0;0;0;0;0;0;0;0;0;0;0;0;0;0;0;0;0;0;0;0;0;0;0;0;0;0;0;0;0;0;0;0;0;0;0;0;0;0;0;0;0;0;0;00:00:00:000000;00:00:00:000000;00:00:00:000000;00:00:00:000000;
2026-08-09	07:00:32.018271	1786258832.018271;2026-08-09	07:21:32.051005	1786260092.051005;2026-08-09	07:22:32.052631	1786260152.052631;00:01:00;00:22:00;10.000;0.000;0.001;0;1;0;0;1;1;0;0;0;0;0;0;0;0;0;0;0;0;0;0;0;0;0;0;0;0;0;0;0;0;0;0;0;0;0;0;0;0;0;0;0;0;0;0;0;0;0;0;0;0;0;0;0;0;0;0;0;0;0;0;00:00:00:000000;00:00:00:000000;00:00:00:000000;00:00:00:000000;
2026-08-09	07:00:32.018271	1786258832.018271;2026-08-09	07:22:32.052692	1786260152.052692;2026-08-09	07:23:32.054731	1786260212.054731;00:01:00;00:23:00;10.000;0.000;0.001;0;1;0;0;1;1;0;0;0;0;0;0;0;0;0;0;0;0;0;0;0;0;0;0;0;0;0;0;0;0;0;0;0;0;0;0;0;0;0;0;0;0;0;0;0;0;0;0;0;0;0;0;0;0;0;0;0;0;0;0;00:00:00:000000;00:00:00:000000;00:00:00:000000;00:00:00:000000;
2026-08-09	07:00:32.018271	1786258832.018271;2026-08-09	07:23:32.054797	1786260212.054797;2026-08-09	07:24:32.056859	1786260272.056859;00:01:00;00:24:00;10.000;0.000;0.001;0;1;0;0;1;1;0;0;0;0;0;0;0;0;0;0;0;0;0;0;0;0;0;0;0;0;0;0;0;0;0;0;0;0;0;0;0;0;0;0;0;0;0;0;0;0;0;0;0;0;0;0;0;0;0;0;0;0;0;0;00:00:00:000000;00:00:00:000000;00:00:00:000000;00:00:00:000000;
2026-08-09	07:00:32.018271	1786258832.018271;2026-08-09	07:24:32.056926	1786260272.056926;2026-08-09	07:25:32.058950	1786260332.058950;00:01:00;00:25:00;10.000;0.000;0.001;0;1;0;0;1;1;0;0;0;0;0;0;0;0;0;0;0;0;0;0;0;0;0;0;0;0;0;0;0;0;0;0;0;0;0;0;0;0;0;0;0;0;0;0;0;0;0;0;0;0;0;0;0;0;0;0;0;0;0;0;00:00:00:000000;00:00:00:000000;00:00:00:000000;00:00:00:000000;
2026-08-09	07:00:32.018271	1786258832.018271;2026-08-09	07:25:32.059023	1786260332.059023;2026-08-09	07:26:32.060415	1786260392.060415;00:01:00;00:26:00;10.000;0.000;0.001;0;1;0;0;1;1;0;0;0;0;0;0;0;0;0;0;0;0;0;0;0;0;0;0;0;0;0;0;0;0;0;0;0;0;0;0;0;0;0;0;0;0;0;0;0;0;0;0;0;0;0;0;0;0;0;0;0;0;0;0;00:00:00:000000;00:00:00:000000;00:00:00:000000;00:00:00:000000;
2026-08-09	07:00:32.018271	1786258832.018271;2026-08-09	07:26:32.060480	1786260392.060480;2026-08-09	07:27:32.060922	1786260452.060922;00:01:00;00:27:00;10.000;0.000;0.001;0;1;0;0;1;1;0;0;0;0;0;0;0;0;0;0;0;0;0;0;0;0;0;0;0;0;0;0;0;0;0;0;0;0;0;0;0;0;0;0;0;0;0;0;0;0;0;0;0;0;0;0;0;0;0;0;0;0;0;0;00:00:00:000000;00:00:00:000000;00:00:00:000000;00:00:00:000000;
2026-08-09	07:00:32.018271	1786258832.018271;2026-08-09	07:27:32.060988	1786260452.060988;2026-08-09	07:28:32.062152	1786260512.062152;00:01:00;00:28:00;10.000;0.000;0.001;0;1;0;0;1;1;0;0;0;0;0;0;0;0;0;0;0;0;0;0;0;0;0;0;0;0;0;0;0;0;0;0;0;0;0;0;0;0;0;0;0;0;0;0;0;0;0;0;0;0;0;0;0;0;0;0;0;0;0;0;00:00:00:000000;00:00:00:000000;00:00:00:000000;00:00:00:000000;
2026-08-09	07:00:32.018271	1786258832.018271;2026-08-09	07:28:32.062213	1786260512.062213;2026-08-09	07:29:32.064519	1786260572.064519;00:01:00;00:29:00;10.000;0.000;0.001;0;1;0;0;1;1;0;0;0;0;0;0;0;0;0;0;0;0;0;0;0;0;0;0;0;0;0;0;0;0;0;0;0;0;0;0;0;0;0;0;0;0;0;0;0;0;0;0;0;0;0;0;0;0;0;0;0;0;0;0;00:00:00:000000;00:00:00:000000;00:00:00:000000;00:00:00:000000;
2026-08-09	07:00:32.018271	1786258832.018271;2026-08-09	07:29:32.064581	1786260572.064581;2026-08-09	07:30:32.065844	1786260632.065844;00:01:00;00:30:00;10.000;0.000;0.001;0;1;0;0;1;1;0;0;0;0;0;0;0;0;0;0;0;0;0;0;0;0;0;0;0;0;0;0;0;0;0;0;0;0;0;0;0;0;0;0;0;0;0;0;0;0;0;0;0;0;0;0;0;0;0;0;0;0;0;0;00:00:00:000000;00:00:00:000000;00:00:00:000000;00:00:00:000000;
2026-08-09	07:00:32.018271	1786258832.018271;2026-08-09	07:30:32.065923	1786260632.065923;2026-08-09	07:31:32.067463	1786260692.067463;00:01:00;00:31:00;10.000;0.000;0.001;0;1;0;0;1;1;0;0;0;0;0;0;0;0;0;0;0;0;0;0;0;0;0;0;0;0;0;0;0;0;0;0;0;0;0;0;0;0;0;0;0;0;0;0;0;0;0;0;0;0;0;0;0;0;0;0;0;0;0;0;00:00:00:000000;00:00:00:000000;00:00:00:000000;00:00:00:000000;
2026-08-09	07:00:32.018271	1786258832.018271;2026-08-09	07:31:32.067528	1786260692.067528;2026-08-09	07:32:32.071097	1786260752.071097;00:01:00;00:32:00;10.000;0.000;0.001;0;1;0;0;1;1;0;0;0;0;0;0;0;0;0;0;0;0;0;0;0;0;0;0;0;0;0;0;0;0;0;0;0;0;0;0;0;0;0;0;0;0;0;0;0;0;0;0;0;0;0;0;0;0;0;0;0;0;0;0;00:00:00:000000;00:00:00:000000;00:00:00:000000;00:00:00:000000;
2026-08-09	07:00:32.018271	1786258832.018271;2026-08-09	07:32:32.071168	1786260752.071168;2026-08-09	07:33:32.072185	1786260812.072185;00:01:00;00:33:00;10.000;0.000;0.001;0;1;0;0;1;1;0;0;0;0;0;0;0;0;0;0;0;0;0;0;0;0;0;0;0;0;0;0;0;0;0;0;0;0;0;0;0;0;0;0;0;0;0;0;0;0;0;0;0;0;0;0;0;0;0;0;0;0;0;0;00:00:00:000000;00:00:00:000000;00:00:00:000000;00:00:00:000000;
2026-08-09	07:00:32.018271	1786258832.018271;2026-08-09	07:33:32.072246	1786260812.072246;2026-08-09	07:34:32.074307	1786260872.074307;00:01:00;00:34:00;10.000;0.000;0.000;0;1;0;0;1;1;0;0;0;0;0;0;0;0;0;0;0;0;0;0;0;0;0;0;0;0;0;0;0;0;0;0;0;0;0;0;0;0;0;0;0;0;0;0;0;0;0;0;0;0;0;0;0;0;0;0;0;0;0;0;00:00:00:000000;00:00:00:000000;00:00:00:000000;00:00:00:000000;
2026-08-09	07:00:32.018271	1786258832.018271;2026-08-09	07:34:32.074367	1786260872.074367;2026-08-09	07:35:32.075930	1786260932.075930;00:01:00;00:35:00;10.000;0.000;0.000;0;1;0;0;1;1;0;0;0;0;0;0;0;0;0;0;0;0;0;0;0;0;0;0;0;0;0;0;0;0;0;0;0;0;0;0;0;0;0;0;0;0;0;0;0;0;0;0;0;0;0;0;0;0;0;0;0;0;0;0;00:00:00:000000;00:00:00:000000;00:00:00:000000;00:00:00:000000;
2026-08-09	07:00:32.018271	1786258832.018271;2026-08-09	07:35:32.075990	1786260932.075990;2026-08-09	07:36:32.077124	1786260992.077124;00:01:00;00:36:00;10.000;0.000;0.000;0;1;0;0;1;1;0;0;0;0;0;0;0;0;0;0;0;0;0;0;0;0;0;0;0;0;0;0;0;0;0;0;0;0;0;0;0;0;0;0;0;0;0;0;0;0;0;0;0;0;0;0;0;0;0;0;0;0;0;0;00:00:00:000000;00:00:00:000000;00:00:00:000000;00:00:00:000000;
2026-08-09	07:00:32.018271	1786258832.018271;2026-08-09	07:36:32.077195	1786260992.077195;2026-08-09	07:37:32.079820	1786261052.079820;00:01:00;00:37:00;10.000;0.000;0.000;0;1;0;0;1;1;0;0;0;0;0;0;0;0;0;0;0;0;0;0;0;0;0;0;0;0;0;0;0;0;0;0;0;0;0;0;0;0;0;0;0;0;0;0;0;0;0;0;0;0;0;0;0;0;0;0;0;0;0;0;00:00:00:000000;00:00:00:000000;00:00:00:000000;00:00:00:000000;
2026-08-09	07:00:32.018271	1786258832.018271;2026-08-09	07:37:32.079881	1786261052.079881;2026-08-09	07:38:32.080334	1786261112.080334;00:01:00;00:38:00;10.000;0.000;0.000;0;1;0;0;1;1;0;0;0;0;0;0;0;0;0;0;0;0;0;0;0;0;0;0;0;0;0;0;0;0;0;0;0;0;0;0;0;0;0;0;0;0;0;0;0;0;0;0;0;0;0;0;0;0;0;0;0;0;0;0;00:00:00:000000;00:00:00:000000;00:00:00:000000;00:00:00:000000;
2026-08-09	07:00:32.018271	1786258832.018271;2026-08-09	07:38:32.080392	1786261112.080392;2026-08-09	07:39:32.081461	1786261172.081461;00:01:00;00:39:00;10.000;0.000;0.000;0;1;0;0;1;1;0;0;0;0;0;0;0;0;0;0;0;0;0;0;0;0;0;0;0;0;0;0;0;0;0;0;0;0;0;0;0;0;0;0;0;0;0;0;0;0;0;0;0;0;0;0;0;0;0;0;0;0;0;0;00:00:00:000000;00:00:00:000000;00:00:00:000000;00:00:00:000000;
2026-08-09	07:00:32.018271	1786258832.018271;2026-08-09	07:39:32.081524	1786261172.081524;2026-08-09	07:40:32.084591	1786261232.084591;00:01:00;00:40:00;10.000;0.000;0.000;0;1;0;0;1;1;0;0;0;0;0;0;0;0;0;0;0;0;0;0;0;0;0;0;0;0;0;0;0;0;0;0;0;0;0;0;0;0;0;0;0;0;0;0;0;0;0;0;0;0;0;0;0;0;0;0;0;0;0;0;00:00:00:000000;00:00:00:000000;00:00:00:000000;00:00:00:000000;
2026-08-09	07:00:32.018271	1786258832.018271;2026-08-09	07:40:32.084652	1786261232.084652;2026-08-09	07:41:32.085250	1786261292.085250;00:01:00;00:41:00;10.000;0.000;0.000;0;1;0;0;1;1;0;0;0;0;0;0;0;0;0;0;0;0;0;0;0;0;0;0;0;0;0;0;0;0;0;0;0;0;0;0;0;0;0;0;0;0;0;0;0;0;0;0;0;0;0;0;0;0;0;0;0;0;0;0;00:00:00:000000;00:00:00:000000;00:00:00:000000;00:00:00:000000;
2026-08-09	07:00:32.018271	1786258832.018271;2026-08-09	07:41:32.085348	1786261292.085348;2026-08-09	07:42:32.086948	1786261352.086948;00:01:00;00:42:00;10.000;0.000;0.000;0;1;0;0;1;1;0;0;0;0;0;0;0;0;0;0;0;0;0;0;0;0;0;0;0;0;0;0;0;0;0;0;0;0;0;0;0;0;0;0;0;0;0;0;0;0;0;0;0;0;0;0;0;0;0;0;0;0;0;0;00:00:00:000000;00:00:00:000000;00:00:00:000000;00:00:00:000000;
2026-08-09	07:00:32.018271	1786258832.018271;2026-08-09	07:42:32.087014	1786261352.087014;2026-08-09	07:43:32.088697	1786261412.088697;00:01:00;00:43:00;10.000;0.000;0.000;0;1;0;0;1;1;0;0;0;0;0;0;0;0;0;0;0;0;0;0;0;0;0;0;0;0;0;0;0;0;0;0;0;0;0;0;0;0;0;0;0;0;0;0;0;0;0;0;0;0;0;0;0;0;0;0;0;0;0;0;00:00:00:000000;00:00:00:000000;00:00:00:000000;00:00:00:000000;
2026-08-09	07:00:32.018271	1786258832.018271;2026-08-09	07:43:32.088766	1786261412.088766;2026-08-09	07:44:32.089989	1786261472.089989;00:01:00;00:44:00;10.000;0.000;0.000;0;1;0;0;1;1;0;0;0;0;0;0;0;0;0;0;0;0;0;0;0;0;0;0;0;0;0;0;0;0;0;0;0;0;0;0;0;0;0;0;0;0;0;0;0;0;0;0;0;0;0;0;0;0;0;0;0;0;0;0;00:00:00:000000;00:00:00:000000;00:00:00:000000;00:00:00:000000;
2026-08-09	07:00:32.018271	1786258832.018271;2026-08-09	07:44:32.090047	1786261472.090047;2026-08-09	07:45:32.090429	1786261532.090429;00:01:00;00:45:00;10.000;0.000;0.000;0;1;0;0;1;1;0;0;0;0;0;0;0;0;0;0;0;0;0;0;0;0;0;0;0;0;0;0;0;0;0;0;0;0;0;0;0;0;0;0;0;0;0;0;0;0;0;0;0;0;0;0;0;0;0;0;0;0;0;0;00:00:00:000000;00:00:00:000000;00:00:00:000000;00:00:00:000000;
2026-08-09	07:00:32.018271	1786258832.018271;2026-08-09	07:45:32.090489	1786261532.090489;2026-08-09	07:46:32.092087	1786261592.092087;00:01:00;00:46:00;10.000;0.000;0.000;0;1;0;0;1;1;0;0;0;0;0;0;0;0;0;0;0;0;0;0;0;0;0;0;0;0;0;0;0;0;0;0;0;0;0;0;0;0;0;0;0;0;0;0;0;0;0;0;0;0;0;0;0;0;0;0;0;0;0;0;00:00:00:000000;00:00:00:000000;00:00:00:000000;00:00:00:000000;
2026-08-09	07:00:32.018271	1786258832.018271;2026-08-09	07:46:32.092149	1786261592.092149;2026-08-09	07:47:32.094613	1786261652.094613;00:01:00;00:47:00;10.000;0.000;0.000;0;1;0;0;1;1;0;0;0;0;0;0;0;0;0;0;0;0;0;0;0;0;0;0;0;0;0;0;0;0;0;0;0;0;0;0;0;0;0;0;0;0;0;0;0;0;0;0;0;0;0;0;0;0;0;0;0;0;0;0;00:00:00:000000;00:00:00:000000;00:00:00:000000;00:00:00:000000;
2026-08-09	07:00:32.018271	1786258832.018271;2026-08-09	07:47:32.094679	1786261652.094679;2026-08-09	07:48:32.095623	1786261712.095623;00:01:00;00:48:00;10.000;0.000;0.000;0;1;0;0;1;1;0;0;0;0;0;0;0;0;0;0;0;0;0;0;0;0;0;0;0;0;0;0;0;0;0;0;0;0;0;0;0;0;0;0;0;0;0;0;0;0;0;0;0;0;0;0;0;0;0;0;0;0;0;0;00:00:00:000000;00:00:00:000000;00:00:00:000000;00:00:00:000000;
2026-08-09	07:00:32.018271	1786258832.018271;2026-08-09	07:48:32.095690	1786261712.095690;2026-08-09	07:49:32.098480	1786261772.098480;00:01:00;00:49:00;10.000;0.000;0.000;0;1;0;0;1;1;0;0;0;0;0;0;0;0;0;0;0;0;0;0;0;0;0;0;0;0;0;0;0;0;0;0;0;0;0;0;0;0;0;0;0;0;0;0;0;0;0;0;0;0;0;0;0;0;0;0;0;0;0;0;00:00:00:000000;00:00:00:000000;00:00:00:000000;00:00:00:000000;
2026-08-09	07:00:32.018271	1786258832.018271;2026-08-09	07:49:32.098538	1786261772.098538;2026-08-09	07:50:32.099592	1786261832.099592;00:01:00;00:50:00;10.000;0.000;0.000;0;1;0;0;1;1;0;0;0;0;0;0;0;0;0;0;0;0;0;0;0;0;0;0;0;0;0;0;0;0;0;0;0;0;0;0;0;0;0;0;0;0;0;0;0;0;0;0;0;0;0;0;0;0;0;0;0;0;0;0;00:00:00:000000;00:00:00:000000;00:00:00:000000;00:00:00:000000;
2026-08-09	07:00:32.018271	1786258832.018271;2026-08-09	07:50:32.099653	1786261832.099653;2026-08-09	07:51:32.099883	1786261892.099883;00:01:00;00:51:00;10.000;0.000;0.000;0;1;0;0;1;1;0;0;0;0;0;0;0;0;0;0;0;0;0;0;0;0;0;0;0;0;0;0;0;0;0;0;0;0;0;0;0;0;0;0;0;0;0;0;0;0;0;0;0;0;0;0;0;0;0;0;0;0;0;0;00:00:00:000000;00:00:00:000000;00:00:00:000000;00:00:00:000000;
2026-08-09	07:00:32.018271	1786258832.018271;2026-08-09	07:51:32.099948	1786261892.099948;2026-08-09	07:52:32.101329	1786261952.101329;00:01:00;00:52:00;10.000;0.000;0.000;0;1;0;0;1;1;0;0;0;0;0;0;0;0;0;0;0;0;0;0;0;0;0;0;0;0;0;0;0;0;0;0;0;0;0;0;0;0;0;0;0;0;0;0;0;0;0;0;0;0;0;0;0;0;0;0;0;0;0;0;00:00:00:000000;00:00:00:000000;00:00:00:000000;00:00:00:000000;
2026-08-09	07:00:32.018271	1786258832.018271;2026-08-09	07:52:32.101396	1786261952.101396;2026-08-09	07:53:32.102799	1786262012.102799;00:01:00;00:53:00;10.000;0.000;0.000;0;1;0;0;1;1;0;0;0;0;0;0;0;0;0;0;0;0;0;0;0;0;0;0;0;0;0;0;0;0;0;0;0;0;0;0;0;0;0;0;0;0;0;0;0;0;0;0;0;0;0;0;0;0;0;0;0;0;0;0;00:00:00:000000;00:00:00:000000;00:00:00:000000;00:00:00:000000;
2026-08-09	07:00:32.018271	1786258832.018271;2026-08-09	07:53:32.102885	1786262012.102885;2026-08-09	07:54:32.104872	1786262072.104872;00:01:00;00:54:00;10.000;0.000;0.000;0;1;0;0;1;1;0;0;0;0;0;0;0;0;0;0;0;0;0;0;0;0;0;0;0;0;0;0;0;0;0;0;0;0;0;0;0;0;0;0;0;0;0;0;0;0;0;0;0;0;0;0;0;0;0;0;0;0;0;0;00:00:00:000000;00:00:00:000000;00:00:00:000000;00:00:00:000000;
2026-08-09	07:00:32.018271	1786258832.018271;2026-08-09	07:54:32.104937	1786262072.104937;2026-08-09	07:55:32.104804	1786262132.104804;00:00:59;00:55:00;10.000;0.000;0.000;0;1;0;0;1;1;0;0;0;0;0;0;0;0;0;0;0;0;0;0;0;0;0;0;0;0;0;0;0;0;0;0;0;0;0;0;0;0;0;0;0;0;0;0;0;0;0;0;0;0;0;0;0;0;0;0;0;0;0;0;00:00:00:000000;00:00:00:000000;00:00:00:000000;00:00:00:000000;
2026-08-09	07:00:32.018271	1786258832.018271;2026-08-09	07:55:32.104866	1786262132.104866;2026-08-09	07:56:32.107084	1786262192.107084;00:01:00;00:56:00;10.000;0.000;0.000;0;1;0;0;1;1;0;0;0;0;0;0;0;0;0;0;0;0;0;0;0;0;0;0;0;0;0;0;0;0;0;0;0;0;0;0;0;0;0;0;0;0;0;0;0;0;0;0;0;0;0;0;0;0;0;0;0;0;0;0;00:00:00:000000;00:00:00:000000;00:00:00:000000;00:00:00:000000;
2026-08-09	07:00:32.018271	1786258832.018271;2026-08-09	07:56:32.107143	1786262192.107143;2026-08-09	07:57:32.109234	1786262252.109234;00:01:00;00:57:00;10.000;0.000;0.000;0;1;0;0;1;1;0;0;0;0;0;0;0;0;0;0;0;0;0;0;0;0;0;0;0;0;0;0;0;0;0;0;0;0;0;0;0;0;0;0;0;0;0;0;0;0;0;0;0;0;0;0;0;0;0;0;0;0;0;0;00:00:00:000000;00:00:00:000000;00:00:00:000000;00:00:00:000000;
2026-08-09	07:00:32.018271	1786258832.018271;2026-08-09	07:57:32.109337	1786262252.109337;2026-08-09	07:58:32.110872	1786262312.110872;00:01:00;00:58:00;10.000;0.000;0.000;0;1;0;0;1;1;0;0;0;0;0;0;0;0;0;0;0;0;0;0;0;0;0;0;0;0;0;0;0;0;0;0;0;0;0;0;0;0;0;0;0;0;0;0;0;0;0;0;0;0;0;0;0;0;0;0;0;0;0;0;00:00:00:000000;00:00:00:000000;00:00:00:000000;00:00:00:000000;
2026-08-09	07:00:32.018271	1786258832.018271;2026-08-09	07:58:32.110934	1786262312.110934;2026-08-09	07:59:32.112311	1786262372.112311;00:01:00;00:59:00;10.000;0.000;0.000;0;1;0;0;1;1;0;0;0;0;0;0;0;0;0;0;0;0;0;0;0;0;0;0;0;0;0;0;0;0;0;0;0;0;0;0;0;0;0;0;0;0;0;0;0;0;0;0;0;0;0;0;0;0;0;0;0;0;0;0;00:00:00:000000;00:00:00:000000;00:00:00:000000;00:00:00:000000;
2026-08-09	07:00:32.018271	1786258832.018271;2026-08-09	07:59:32.112364	1786262372.112364;2026-08-09	08:00:32.113185	1786262432.113185;00:01:00;01:00:00;10.000;0.000;0.000;0;1;0;0;1;1;0;0;0;0;0;0;0;0;0;0;0;0;0;0;0;0;0;0;0;0;0;0;0;0;0;0;0;0;0;0;0;0;0;0;0;0;0;0;0;0;0;0;0;0;0;0;0;0;0;0;0;0;0;0;00:00:00:000000;00:00:00:000000;00:00:00:000000;00:00:00:000000;
2026-08-09	07:00:32.018271	1786258832.018271;2026-08-09	08:00:32.113264	1786262432.113264;2026-08-09	08:01:32.115356	1786262492.115356;00:01:00;01:01:00;10.000;0.000;0.000;0;1;0;0;1;1;0;0;0;0;0;0;0;0;0;0;0;0;0;0;0;0;0;0;0;0;0;0;0;0;0;0;0;0;0;0;0;0;0;0;0;0;0;0;0;0;0;0;0;0;0;0;0;0;0;0;0;0;0;0;00:00:00:000000;00:00:00:000000;00:00:00:000000;00:00:00:000000;
2026-08-09	07:00:32.018271	1786258832.018271;2026-08-09	08:01:32.115420	1786262492.115420;2026-08-09	08:02:32.116723	1786262552.116723;00:01:00;01:02:00;10.000;0.000;0.000;0;1;0;0;1;1;0;0;0;0;0;0;0;0;0;0;0;0;0;0;0;0;0;0;0;0;0;0;0;0;0;0;0;0;0;0;0;0;0;0;0;0;0;0;0;0;0;0;0;0;0;0;0;0;0;0;0;0;0;0;00:00:00:000000;00:00:00:000000;00:00:00:000000;00:00:00:000000;
2026-08-09	07:00:32.018271	1786258832.018271;2026-08-09	08:02:32.116787	1786262552.116787;2026-08-09	08:03:32.117569	1786262612.117569;00:01:00;01:03:00;10.000;0.000;0.000;0;1;0;0;1;1;0;0;0;0;0;0;0;0;0;0;0;0;0;0;0;0;0;0;0;0;0;0;0;0;0;0;0;0;0;0;0;0;0;0;0;0;0;0;0;0;0;0;0;0;0;0;0;0;0;0;0;0;0;0;00:00:00:000000;00:00:00:000000;00:00:00:000000;00:00:00:000000;
2026-08-09	07:00:32.018271	1786258832.018271;2026-08-09	08:03:32.117633	1786262612.117633;2026-08-09	08:04:32.119279	1786262672.119279;00:01:00;01:04:00;10.000;0.000;0.000;0;1;0;0;1;1;0;0;0;0;0;0;0;0;0;0;0;0;0;0;0;0;0;0;0;0;0;0;0;0;0;0;0;0;0;0;0;0;0;0;0;0;0;0;0;0;0;0;0;0;0;0;0;0;0;0;0;0;0;0;00:00:00:000000;00:00:00:000000;00:00:00:000000;00:00:00:000000;
2026-08-09	07:00:32.018271	1786258832.018271;2026-08-09	08:04:32.119375	1786262672.119375;2026-08-09	08:05:32.120452	1786262732.120452;00:01:00;01:05:00;10.000;0.000;0.000;0;1;0;0;1;1;0;0;0;0;0;0;0;0;0;0;0;0;0;0;0;0;0;0;0;0;0;0;0;0;0;0;0;0;0;0;0;0;0;0;0;0;0;0;0;0;0;0;0;0;0;0;0;0;0;0;0;0;0;0;00:00:00:000000;00:00:00:000000;00:00:00:000000;00:00:00:000000;
2026-08-09	07:00:32.018271	1786258832.018271;2026-08-09	08:05:32.120513	1786262732.120513;2026-08-09	08:06:32.121866	1786262792.121866;00:01:00;01:06:00;10.000;0.000;0.000;0;1;0;0;1;1;0;0;0;0;0;0;0;0;0;0;0;0;0;0;0;0;0;0;0;0;0;0;0;0;0;0;0;0;0;0;0;0;0;0;0;0;0;0;0;0;0;0;0;0;0;0;0;0;0;0;0;0;0;0;00:00:00:000000;00:00:00:000000;00:00:00:000000;00:00:00:000000;
2026-08-09	07:00:32.018271	1786258832.018271;2026-08-09	08:06:32.121930	1786262792.121930;2026-08-09	08:07:32.123129	1786262852.123129;00:01:00;01:07:00;10.000;0.000;0.000;0;1;0;0;1;1;0;0;0;0;0;0;0;0;0;0;0;0;0;0;0;0;0;0;0;0;0;0;0;0;0;0;0;0;0;0;0;0;0;0;0;0;0;0;0;0;0;0;0;0;0;0;0;0;0;0;0;0;0;0;00:00:00:000000;00:00:00:000000;00:00:00:000000;00:00:00:000000;
2026-08-09	07:00:32.018271	1786258832.018271;2026-08-09	08:07:32.123202	1786262852.123202;2026-08-09	08:08:32.124026	1786262912.124026;00:01:00;01:08:00;10.000;0.000;0.000;0;1;0;0;1;1;0;0;0;0;0;0;0;0;0;0;0;0;0;0;0;0;0;0;0;0;0;0;0;0;0;0;0;0;0;0;0;0;0;0;0;0;0;0;0;0;0;0;0;0;0;0;0;0;0;0;0;0;0;0;00:00:00:000000;00:00:00:000000;00:00:00:000000;00:00:00:000000;
2026-08-09	07:00:32.018271	1786258832.018271;2026-08-09	08:08:32.124088	1786262912.124088;2026-08-09	08:09:32.126798	1786262972.126798;00:01:00;01:09:00;10.000;0.000;0.000;0;1;0;0;1;1;0;0;0;0;0;0;0;0;0;0;0;0;0;0;0;0;0;0;0;0;0;0;0;0;0;0;0;0;0;0;0;0;0;0;0;0;0;0;0;0;0;0;0;0;0;0;0;0;0;0;0;0;0;0;00:00:00:000000;00:00:00:000000;00:00:00:000000;00:00:00:000000;
2026-08-09	07:00:32.018271	1786258832.018271;2026-08-09	08:09:32.126864	1786262972.126864;2026-08-09	08:10:32.129524	1786263032.129524;00:01:00;01:10:00;10.000;0.000;0.000;0;1;0;0;1;1;0;0;0;0;0;0;0;0;0;0;0;0;0;0;0;0;0;0;0;0;0;0;0;0;0;0;0;0;0;0;0;0;0;0;0;0;0;0;0;0;0;0;0;0;0;0;0;0;0;0;0;0;0;0;00:00:00:000000;00:00:00:000000;00:00:00:000000;00:00:00:000000;
2026-08-09	07:00:32.018271	1786258832.018271;2026-08-09	08:10:32.129584	1786263032.129584;2026-08-09	08:11:32.131583	1786263092.131583;00:01:00;01:11:00;10.000;0.000;0.000;0;1;0;0;1;1;0;0;0;0;0;0;0;0;0;0;0;0;0;0;0;0;0;0;0;0;0;0;0;0;0;0;0;0;0;0;0;0;0;0;0;0;0;0;0;0;0;0;0;0;0;0;0;0;0;0;0;0;0;0;00:00:00:000000;00:00:00:000000;00:00:00:000000;00:00:00:000000;
2026-08-09	07:00:32.018271	1786258832.018271;2026-08-09	08:11:32.131643	1786263092.131643;2026-08-09	08:12:32.131486	1786263152.131486;00:00:59;01:12:00;10.000;0.000;0.000;0;1;0;0;1;1;0;0;0;0;0;0;0;0;0;0;0;0;0;0;0;0;0;0;0;0;0;0;0;0;0;0;0;0;0;0;0;0;0;0;0;0;0;0;0;0;0;0;0;0;0;0;0;0;0;0;0;0;0;0;00:00:00:000000;00:00:00:000000;00:00:00:000000;00:00:00:000000;
2026-08-09	07:00:32.018271	1786258832.018271;2026-08-09	08:12:32.131554	1786263152.131554;2026-08-09	08:13:32.132632	1786263212.132632;00:01:00;01:13:00;10.000;0.000;0.000;0;1;0;0;1;1;0;0;0;0;0;0;0;0;0;0;0;0;0;0;0;0;0;0;0;0;0;0;0;0;0;0;0;0;0;0;0;0;0;0;0;0;0;0;0;0;0;0;0;0;0;0;0;0;0;0;0;0;0;0;00:00:00:000000;00:00:00:000000;00:00:00:000000;00:00:00:000000;
2026-08-09	07:00:32.018271	1786258832.018271;2026-08-09	08:13:32.132700	1786263212.132700;2026-08-09	08:14:32.134709	1786263272.134709;00:01:00;01:14:00;10.000;0.000;0.000;0;1;0;0;1;1;0;0;0;0;0;0;0;0;0;0;0;0;0;0;0;0;0;0;0;0;0;0;0;0;0;0;0;0;0;0;0;0;0;0;0;0;0;0;0;0;0;0;0;0;0;0;0;0;0;0;0;0;0;0;00:00:00:000000;00:00:00:000000;00:00:00:000000;00:00:00:000000;
2026-08-09	07:00:32.018271	1786258832.018271;2026-08-09	08:14:32.134777	1786263272.134777;2026-08-09	08:15:32.135026	1786263332.135026;00:01:00;01:15:00;10.000;0.000;0.000;0;1;0;0;1;1;0;0;0;0;0;0;0;0;0;0;0;0;0;0;0;0;0;0;0;0;0;0;0;0;0;0;0;0;0;0;0;0;0;0;0;0;0;0;0;0;0;0;0;0;0;0;0;0;0;0;0;0;0;0;00:00:00:000000;00:00:00:000000;00:00:00:000000;00:00:00:000000;
2026-08-09	07:00:32.018271	1786258832.018271;2026-08-09	08:15:32.135095	1786263332.135095;2026-08-09	08:16:32.135822	1786263392.135822;00:01:00;01:16:00;10.000;0.000;0.000;0;1;0;0;1;1;0;0;0;0;0;0;0;0;0;0;0;0;0;0;0;0;0;0;0;0;0;0;0;0;0;0;0;0;0;0;0;0;0;0;0;0;0;0;0;0;0;0;0;0;0;0;0;0;0;0;0;0;0;0;00:00:00:000000;00:00:00:000000;00:00:00:000000;00:00:00:000000;
2026-08-09	07:00:32.018271	1786258832.018271;2026-08-09	08:16:32.135896	1786263392.135896;2026-08-09	08:17:32.137474	1786263452.137474;00:01:00;01:17:00;10.000;0.000;0.000;0;1;0;0;1;1;0;0;0;0;0;0;0;0;0;0;0;0;0;0;0;0;0;0;0;0;0;0;0;0;0;0;0;0;0;0;0;0;0;0;0;0;0;0;0;0;0;0;0;0;0;0;0;0;0;0;0;0;0;0;00:00:00:000000;00:00:00:000000;00:00:00:000000;00:00:00:000000;
2026-08-09	07:00:32.018271	1786258832.018271;2026-08-09	08:17:32.137541	1786263452.137541;2026-08-09	08:18:32.139160	1786263512.139160;00:01:00;01:18:00;10.000;0.000;0.000;0;1;0;0;1;1;0;0;0;0;0;0;0;0;0;0;0;0;0;0;0;0;0;0;0;0;0;0;0;0;0;0;0;0;0;0;0;0;0;0;0;0;0;0;0;0;0;0;0;0;0;0;0;0;0;0;0;0;0;0;00:00:00:000000;00:00:00:000000;00:00:00:000000;00:00:00:000000;
2026-08-09	07:00:32.018271	1786258832.018271;2026-08-09	08:18:32.139226	1786263512.139226;2026-08-09	08:19:32.141147	1786263572.141147;00:01:00;01:19:00;10.000;0.000;0.000;0;1;0;0;1;1;0;0;0;0;0;0;0;0;0;0;0;0;0;0;0;0;0;0;0;0;0;0;0;0;0;0;0;0;0;0;0;0;0;0;0;0;0;0;0;0;0;0;0;0;0;0;0;0;0;0;0;0;0;0;00:00:00:000000;00:00:00:000000;00:00:00:000000;00:00:00:000000;
2026-08-09	07:00:32.018271	1786258832.018271;2026-08-09	08:19:32.141213	1786263572.141213;2026-08-09	08:20:32.142973	1786263632.142973;00:01:00;01:20:00;10.000;0.000;0.000;0;1;0;0;1;1;0;0;0;0;0;0;0;0;0;0;0;0;0;0;0;0;0;0;0;0;0;0;0;0;0;0;0;0;0;0;0;0;0;0;0;0;0;0;0;0;0;0;0;0;0;0;0;0;0;0;0;0;0;0;00:00:00:000000;00:00:00:000000;00:00:00:000000;00:00:00:000000;
2026-08-09	07:00:32.018271	1786258832.018271;2026-08-09	08:20:32.143032	1786263632.143032;2026-08-09	08:21:32.145904	1786263692.145904;00:01:00;01:21:00;10.000;0.000;0.000;0;1;0;0;1;1;0;0;0;0;0;0;0;0;0;0;0;0;0;0;0;0;0;0;0;0;0;0;0;0;0;0;0;0;0;0;0;0;0;0;0;0;0;0;0;0;0;0;0;0;0;0;0;0;0;0;0;0;0;0;00:00:00:000000;00:00:00:000000;00:00:00:000000;00:00:00:000000;
2026-08-09	07:00:32.018271	1786258832.018271;2026-08-09	08:21:32.145967	1786263692.145967;2026-08-09	08:22:32.145350	1786263752.145350;00:00:59;01:22:00;10.000;0.000;0.000;0;1;0;0;1;1;0;0;0;0;0;0;0;0;0;0;0;0;0;0;0;0;0;0;0;0;0;0;0;0;0;0;0;0;0;0;0;0;0;0;0;0;0;0;0;0;0;0;0;0;0;0;0;0;0;0;0;0;0;0;00:00:00:000000;00:00:00:000000;00:00:00:000000;00:00:00:000000;
2026-08-09	07:00:32.018271	1786258832.018271;2026-08-09	08:22:32.145409	1786263752.145409;2026-08-09	08:23:32.146608	1786263812.146608;00:01:00;01:23:00;10.000;0.000;0.000;0;1;0;0;1;1;0;0;0;0;0;0;0;0;0;0;0;0;0;0;0;0;0;0;0;0;0;0;0;0;0;0;0;0;0;0;0;0;0;0;0;0;0;0;0;0;0;0;0;0;0;0;0;0;0;0;0;0;0;0;00:00:00:000000;00:00:00:000000;00:00:00:000000;00:00:00:000000;
2026-08-09	07:00:32.018271	1786258832.018271;2026-08-09	08:23:32.146671	1786263812.146671;2026-08-09	08:24:32.149258	1786263872.149258;00:01:00;01:24:00;10.000;0.000;0.000;0;1;0;0;1;1;0;0;0;0;0;0;0;0;0;0;0;0;0;0;0;0;0;0;0;0;0;0;0;0;0;0;0;0;0;0;0;0;0;0;0;0;0;0;0;0;0;0;0;0;0;0;0;0;0;0;0;0;0;0;00:00:00:000000;00:00:00:000000;00:00:00:000000;00:00:00:000000;
2026-08-09	07:00:32.018271	1786258832.018271;2026-08-09	08:24:32.149350	1786263872.149350;2026-08-09	08:25:32.149712	1786263932.149712;00:01:00;01:25:00;10.000;0.000;0.000;0;1;0;0;1;1;0;0;0;0;0;0;0;0;0;0;0;0;0;0;0;0;0;0;0;0;0;0;0;0;0;0;0;0;0;0;0;0;0;0;0;0;0;0;0;0;0;0;0;0;0;0;0;0;0;0;0;0;0;0;00:00:00:000000;00:00:00:000000;00:00:00:000000;00:00:00:000000;
2026-08-09	07:00:32.018271	1786258832.018271;2026-08-09	08:25:32.149773	1786263932.149773;2026-08-09	08:26:32.151824	1786263992.151824;00:01:00;01:26:00;10.000;0.000;0.000;0;1;0;0;1;1;0;0;0;0;0;0;0;0;0;0;0;0;0;0;0;0;0;0;0;0;0;0;0;0;0;0;0;0;0;0;0;0;0;0;0;0;0;0;0;0;0;0;0;0;0;0;0;0;0;0;0;0;0;0;00:00:00:000000;00:00:00:000000;00:00:00:000000;00:00:00:000000;
2026-08-09	07:00:32.018271	1786258832.018271;2026-08-09	08:26:32.151899	1786263992.151899;2026-08-09	08:27:32.153595	1786264052.153595;00:01:00;01:27:00;10.000;0.000;0.000;0;1;0;0;1;1;0;0;0;0;0;0;0;0;0;0;0;0;0;0;0;0;0;0;0;0;0;0;0;0;0;0;0;0;0;0;0;0;0;0;0;0;0;0;0;0;0;0;0;0;0;0;0;0;0;0;0;0;0;0;00:00:00:000000;00:00:00:000000;00:00:00:000000;00:00:00:000000;
2026-08-09	07:00:32.018271	1786258832.018271;2026-08-09	08:27:32.153677	1786264052.153677;2026-08-09	08:28:32.155166	1786264112.155166;00:01:00;01:28:00;10.000;0.000;0.000;0;1;0;0;1;1;0;0;0;0;0;0;0;0;0;0;0;0;0;0;0;0;0;0;0;0;0;0;0;0;0;0;0;0;0;0;0;0;0;0;0;0;0;0;0;0;0;0;0;0;0;0;0;0;0;0;0;0;0;0;00:00:00:000000;00:00:00:000000;00:00:00:000000;00:00:00:000000;
2026-08-09	07:00:32.018271	1786258832.018271;2026-08-09	08:28:32.155227	1786264112.155227;2026-08-09	08:29:32.155938	1786264172.155938;00:01:00;01:29:00;10.000;0.000;0.000;0;1;0;0;1;1;0;0;0;0;0;0;0;0;0;0;0;0;0;0;0;0;0;0;0;0;0;0;0;0;0;0;0;0;0;0;0;0;0;0;0;0;0;0;0;0;0;0;0;0;0;0;0;0;0;0;0;0;0;0;00:00:00:000000;00:00:00:000000;00:00:00:000000;00:00:00:000000;
2026-08-09	07:00:32.018271	1786258832.018271;2026-08-09	08:29:32.156008	1786264172.156008;2026-08-09	08:30:32.157125	1786264232.157125;00:01:00;01:30:00;10.000;0.000;0.000;0;1;0;0;1;1;0;0;0;0;0;0;0;0;0;0;0;0;0;0;0;0;0;0;0;0;0;0;0;0;0;0;0;0;0;0;0;0;0;0;0;0;0;0;0;0;0;0;0;0;0;0;0;0;0;0;0;0;0;0;00:00:00:000000;00:00:00:000000;00:00:00:000000;00:00:00:000000;
2026-08-09	07:00:32.018271	1786258832.018271;2026-08-09	08:30:32.157185	1786264232.157185;2026-08-09	08:31:32.158224	1786264292.158224;00:01:00;01:31:00;10.000;0.000;0.000;0;1;0;0;1;1;0;0;0;0;0;0;0;0;0;0;0;0;0;0;0;0;0;0;0;0;0;0;0;0;0;0;0;0;0;0;0;0;0;0;0;0;0;0;0;0;0;0;0;0;0;0;0;0;0;0;0;0;0;0;00:00:00:000000;00:00:00:000000;00:00:00:000000;00:00:00:000000;
2026-08-09	07:00:32.018271	1786258832.018271;2026-08-09	08:31:32.158291	1786264292.158291;2026-08-09	08:32:32.158452	1786264352.158452;00:01:00;01:32:00;10.000;0.000;0.000;0;1;0;0;1;1;0;0;0;0;0;0;0;0;0;0;0;0;0;0;0;0;0;0;0;0;0;0;0;0;0;0;0;0;0;0;0;0;0;0;0;0;0;0;0;0;0;0;0;0;0;0;0;0;0;0;0;0;0;0;00:00:00:000000;00:00:00:000000;00:00:00:000000;00:00:00:000000;
2026-08-09	07:00:32.018271	1786258832.018271;2026-08-09	08:32:32.158513	1786264352.158513;2026-08-09	08:33:32.160310	1786264412.160310;00:01:00;01:33:00;10.000;0.000;0.000;0;1;0;0;1;1;0;0;0;0;0;0;0;0;0;0;0;0;0;0;0;0;0;0;0;0;0;0;0;0;0;0;0;0;0;0;0;0;0;0;0;0;0;0;0;0;0;0;0;0;0;0;0;0;0;0;0;0;0;0;00:00:00:000000;00:00:00:000000;00:00:00:000000;00:00:00:000000;
2026-08-09	07:00:32.018271	1786258832.018271;2026-08-09	08:33:32.160378	1786264412.160378;2026-08-09	08:34:32.161741	1786264472.161741;00:01:00;01:34:00;10.000;0.000;0.000;0;1;0;0;1;1;0;0;0;0;0;0;0;0;0;0;0;0;0;0;0;0;0;0;0;0;0;0;0;0;0;0;0;0;0;0;0;0;0;0;0;0;0;0;0;0;0;0;0;0;0;0;0;0;0;0;0;0;0;0;00:00:00:000000;00:00:00:000000;00:00:00:000000;00:00:00:000000;
2026-08-09	07:00:32.018271	1786258832.018271;2026-08-09	08:34:32.161847	1786264472.161847;2026-08-09	08:35:32.162155	1786264532.162155;00:01:00;01:35:00;10.000;0.000;0.000;0;1;0;0;1;1;0;0;0;0;0;0;0;0;0;0;0;0;0;0;0;0;0;0;0;0;0;0;0;0;0;0;0;0;0;0;0;0;0;0;0;0;0;0;0;0;0;0;0;0;0;0;0;0;0;0;0;0;0;0;00:00:00:000000;00:00:00:000000;00:00:00:000000;00:00:00:000000;
2026-08-09	07:00:32.018271	1786258832.018271;2026-08-09	08:35:32.162215	1786264532.162215;2026-08-09	08:36:32.162653	1786264592.162653;00:01:00;01:36:00;10.000;0.000;0.000;0;1;0;0;1;1;0;0;0;0;0;0;0;0;0;0;0;0;0;0;0;0;0;0;0;0;0;0;0;0;0;0;0;0;0;0;0;0;0;0;0;0;0;0;0;0;0;0;0;0;0;0;0;0;0;0;0;0;0;0;00:00:00:000000;00:00:00:000000;00:00:00:000000;00:00:00:000000;
2026-08-09	07:00:32.018271	1786258832.018271;2026-08-09	08:36:32.162725	1786264592.162725;2026-08-09	08:37:32.163759	1786264652.163759;00:01:00;01:37:00;10.000;0.000;0.000;0;1;0;0;1;1;0;0;0;0;0;0;0;0;0;0;0;0;0;0;0;0;0;0;0;0;0;0;0;0;0;0;0;0;0;0;0;0;0;0;0;0;0;0;0;0;0;0;0;0;0;0;0;0;0;0;0;0;0;0;00:00:00:000000;00:00:00:000000;00:00:00:000000;00:00:00:000000;
2026-08-09	07:00:32.018271	1786258832.018271;2026-08-09	08:37:32.163821	1786264652.163821;2026-08-09	08:38:32.165963	1786264712.165963;00:01:00;01:38:00;10.000;0.000;0.000;0;1;0;0;1;1;0;0;0;0;0;0;0;0;0;0;0;0;0;0;0;0;0;0;0;0;0;0;0;0;0;0;0;0;0;0;0;0;0;0;0;0;0;0;0;0;0;0;0;0;0;0;0;0;0;0;0;0;0;0;00:00:00:000000;00:00:00:000000;00:00:00:000000;00:00:00:000000;
2026-08-09	07:00:32.018271	1786258832.018271;2026-08-09	08:38:32.166024	1786264712.166024;2026-08-09	08:39:32.166896	1786264772.166896;00:01:00;01:39:00;10.000;0.000;0.000;0;1;0;0;1;1;0;0;0;0;0;0;0;0;0;0;0;0;0;0;0;0;0;0;0;0;0;0;0;0;0;0;0;0;0;0;0;0;0;0;0;0;0;0;0;0;0;0;0;0;0;0;0;0;0;0;0;0;0;0;00:00:00:000000;00:00:00:000000;00:00:00:000000;00:00:00:000000;
2026-08-09	07:00:32.018271	1786258832.018271;2026-08-09	08:39:32.166972	1786264772.166972;2026-08-09	08:40:32.168156	1786264832.168156;00:01:00;01:40:00;10.000;0.000;0.000;0;1;0;0;1;1;0;0;0;0;0;0;0;0;0;0;0;0;0;0;0;0;0;0;0;0;0;0;0;0;0;0;0;0;0;0;0;0;0;0;0;0;0;0;0;0;0;0;0;0;0;0;0;0;0;0;0;0;0;0;00:00:00:000000;00:00:00:000000;00:00:00:000000;00:00:00:000000;
2026-08-09	07:00:32.018271	1786258832.018271;2026-08-09	08:40:32.168220	1786264832.168220;2026-08-09	08:41:32.168883	1786264892.168883;00:01:00;01:41:00;10.000;0.000;0.000;0;1;0;0;1;1;0;0;0;0;0;0;0;0;0;0;0;0;0;0;0;0;0;0;0;0;0;0;0;0;0;0;0;0;0;0;0;0;0;0;0;0;0;0;0;0;0;0;0;0;0;0;0;0;0;0;0;0;0;0;00:00:00:000000;00:00:00:000000;00:00:00:000000;00:00:00:000000;
2026-08-09	07:00:32.018271	1786258832.018271;2026-08-09	08:41:32.168954	1786264892.168954;2026-08-09	08:42:32.169390	1786264952.169390;00:01:00;01:42:00;10.000;0.000;0.000;0;1;0;0;1;1;0;0;0;0;0;0;0;0;0;0;0;0;0;0;0;0;0;0;0;0;0;0;0;0;0;0;0;0;0;0;0;0;0;0;0;0;0;0;0;0;0;0;0;0;0;0;0;0;0;0;0;0;0;0;00:00:00:000000;00:00:00:000000;00:00:00:000000;00:00:00:000000;
2026-08-09	07:00:32.018271	1786258832.018271;2026-08-09	08:42:32.169454	1786264952.169454;2026-08-09	08:43:32.171195	1786265012.171195;00:01:00;01:43:00;10.000;0.000;0.000;0;1;0;0;1;1;0;0;0;0;0;0;0;0;0;0;0;0;0;0;0;0;0;0;0;0;0;0;0;0;0;0;0;0;0;0;0;0;0;0;0;0;0;0;0;0;0;0;0;0;0;0;0;0;0;0;0;0;0;0;00:00:00:000000;00:00:00:000000;00:00:00:000000;00:00:00:000000;
2026-08-09	07:00:32.018271	1786258832.018271;2026-08-09	08:43:32.171256	1786265012.171256;2026-08-09	08:44:32.172059	1786265072.172059;00:01:00;01:44:00;10.000;0.000;0.000;0;1;0;0;1;1;0;0;0;0;0;0;0;0;0;0;0;0;0;0;0;0;0;0;0;0;0;0;0;0;0;0;0;0;0;0;0;0;0;0;0;0;0;0;0;0;0;0;0;0;0;0;0;0;0;0;0;0;0;0;00:00:00:000000;00:00:00:000000;00:00:00:000000;00:00:00:000000;
2026-08-09	07:00:32.018271	1786258832.018271;2026-08-09	08:44:32.172118	1786265072.172118;2026-08-09	08:45:32.173959	1786265132.173959;00:01:00;01:45:00;10.000;0.000;0.000;0;1;0;0;1;1;0;0;0;0;0;0;0;0;0;0;0;0;0;0;0;0;0;0;0;0;0;0;0;0;0;0;0;0;0;0;0;0;0;0;0;0;0;0;0;0;0;0;0;0;0;0;0;0;0;0;0;0;0;0;00:00:00:000000;00:00:00:000000;00:00:00:000000;00:00:00:000000;
2026-08-09	07:00:32.018271	1786258832.018271;2026-08-09	08:45:32.174027	1786265132.174027;2026-08-09	08:46:32.175276	1786265192.175276;00:01:00;01:46:00;10.000;0.000;0.000;0;1;0;0;1;1;0;0;0;0;0;0;0;0;0;0;0;0;0;0;0;0;0;0;0;0;0;0;0;0;0;0;0;0;0;0;0;0;0;0;0;0;0;0;0;0;0;0;0;0;0;0;0;0;0;0;0;0;0;0;00:00:00:000000;00:00:00:000000;00:00:00:000000;00:00:00:000000;
2026-08-09	07:00:32.018271	1786258832.018271;2026-08-09	08:46:32.175356	1786265192.175356;2026-08-09	08:47:32.177009	1786265252.177009;00:01:00;01:47:00;10.000;0.000;0.000;0;1;0;0;1;1;0;0;0;0;0;0;0;0;0;0;0;0;0;0;0;0;0;0;0;0;0;0;0;0;0;0;0;0;0;0;0;0;0;0;0;0;0;0;0;0;0;0;0;0;0;0;0;0;0;0;0;0;0;0;00:00:00:000000;00:00:00:000000;00:00:00:000000;00:00:00:000000;
2026-08-09	07:00:32.018271	1786258832.018271;2026-08-09	08:47:32.177088	1786265252.177088;2026-08-09	08:48:32.179269	1786265312.179269;00:01:00;01:48:00;10.000;0.000;0.000;0;1;0;0;1;1;0;0;0;0;0;0;0;0;0;0;0;0;0;0;0;0;0;0;0;0;0;0;0;0;0;0;0;0;0;0;0;0;0;0;0;0;0;0;0;0;0;0;0;0;0;0;0;0;0;0;0;0;0;0;00:00:00:000000;00:00:00:000000;00:00:00:000000;00:00:00:000000;
2026-08-09	07:00:32.018271	1786258832.018271;2026-08-09	08:48:32.179353	1786265312.179353;2026-08-09	08:49:32.179609	1786265372.179609;00:01:00;01:49:00;10.000;0.000;0.000;0;1;0;0;1;1;0;0;0;0;0;0;0;0;0;0;0;0;0;0;0;0;0;0;0;0;0;0;0;0;0;0;0;0;0;0;0;0;0;0;0;0;0;0;0;0;0;0;0;0;0;0;0;0;0;0;0;0;0;0;00:00:00:000000;00:00:00:000000;00:00:00:000000;00:00:00:000000;
2026-08-09	07:00:32.018271	1786258832.018271;2026-08-09	08:49:32.179673	1786265372.179673;2026-08-09	08:50:32.182264	1786265432.182264;00:01:00;01:50:00;10.000;0.000;0.000;0;1;0;0;1;1;0;0;0;0;0;0;0;0;0;0;0;0;0;0;0;0;0;0;0;0;0;0;0;0;0;0;0;0;0;0;0;0;0;0;0;0;0;0;0;0;0;0;0;0;0;0;0;0;0;0;0;0;0;0;00:00:00:000000;00:00:00:000000;00:00:00:000000;00:00:00:000000;
2026-08-09	07:00:32.018271	1786258832.018271;2026-08-09	08:50:32.182366	1786265432.182366;2026-08-09	08:51:32.183014	1786265492.183014;00:01:00;01:51:00;10.000;0.000;0.000;0;1;0;0;1;1;0;0;0;0;0;0;0;0;0;0;0;0;0;0;0;0;0;0;0;0;0;0;0;0;0;0;0;0;0;0;0;0;0;0;0;0;0;0;0;0;0;0;0;0;0;0;0;0;0;0;0;0;0;0;00:00:00:000000;00:00:00:000000;00:00:00:000000;00:00:00:000000;
2026-08-09	07:00:32.018271	1786258832.018271;2026-08-09	08:51:32.183080	1786265492.183080;2026-08-09	08:52:32.183943	1786265552.183943;00:01:00;01:52:00;10.000;0.000;0.000;0;1;0;0;1;1;0;0;0;0;0;0;0;0;0;0;0;0;0;0;0;0;0;0;0;0;0;0;0;0;0;0;0;0;0;0;0;0;0;0;0;0;0;0;0;0;0;0;0;0;0;0;0;0;0;0;0;0;0;0;00:00:00:000000;00:00:00:000000;00:00:00:000000;00:00:00:000000;
2026-08-09	07:00:32.018271	1786258832.018271;2026-08-09	08:52:32.184009	1786265552.184009;2026-08-09	08:53:32.186015	1786265612.186015;00:01:00;01:53:00;10.000;0.000;0.000;0;1;0;0;1;1;0;0;0;0;0;0;0;0;0;0;0;0;0;0;0;0;0;0;0;0;0;0;0;0;0;0;0;0;0;0;0;0;0;0;0;0;0;0;0;0;0;0;0;0;0;0;0;0;0;0;0;0;0;0;00:00:00:000000;00:00:00:000000;00:00:00:000000;00:00:00:000000;
2026-08-09	07:00:32.018271	1786258832.018271;2026-08-09	08:53:32.186076	1786265612.186076;2026-08-09	08:54:32.189207	1786265672.189207;00:01:00;01:54:00;10.000;0.000;0.000;0;1;0;0;1;1;0;0;0;0;0;0;0;0;0;0;0;0;0;0;0;0;0;0;0;0;0;0;0;0;0;0;0;0;0;0;0;0;0;0;0;0;0;0;0;0;0;0;0;0;0;0;0;0;0;0;0;0;0;0;00:00:00:000000;00:00:00:000000;00:00:00:000000;00:00:00:000000;
2026-08-09	07:00:32.018271	1786258832.018271;2026-08-09	08:54:32.189269	1786265672.189269;2026-08-09	08:55:32.191356	1786265732.191356;00:01:00;01:55:00;10.000;0.000;0.000;0;1;0;0;1;1;0;0;0;0;0;0;0;0;0;0;0;0;0;0;0;0;0;0;0;0;0;0;0;0;0;0;0;0;0;0;0;0;0;0;0;0;0;0;0;0;0;0;0;0;0;0;0;0;0;0;0;0;0;0;00:00:00:000000;00:00:00:000000;00:00:00:000000;00:00:00:000000;
2026-08-09	07:00:32.018271	1786258832.018271;2026-08-09	08:55:32.191430	1786265732.191430;2026-08-09	08:56:32.192324	1786265792.192324;00:01:00;01:56:00;10.000;0.000;0.000;0;1;0;0;1;1;0;0;0;0;0;0;0;0;0;0;0;0;0;0;0;0;0;0;0;0;0;0;0;0;0;0;0;0;0;0;0;0;0;0;0;0;0;0;0;0;0;0;0;0;0;0;0;0;0;0;0;0;0;0;00:00:00:000000;00:00:00:000000;00:00:00:000000;00:00:00:000000;
2026-08-09	07:00:32.018271	1786258832.018271;2026-08-09	08:56:32.192401	1786265792.192401;2026-08-09	08:57:32.193613	1786265852.193613;00:01:00;01:57:00;10.000;0.000;0.000;0;1;0;0;1;1;0;0;0;0;0;0;0;0;0;0;0;0;0;0;0;0;0;0;0;0;0;0;0;0;0;0;0;0;0;0;0;0;0;0;0;0;0;0;0;0;0;0;0;0;0;0;0;0;0;0;0;0;0;0;00:00:00:000000;00:00:00:000000;00:00:00:000000;00:00:00:000000;
2026-08-09	07:00:32.018271	1786258832.018271;2026-08-09	08:57:32.193680	1786265852.193680;2026-08-09	08:58:32.196886	1786265912.196886;00:01:00;01:58:00;10.000;0.000;0.000;0;1;0;0;1;1;0;0;0;0;0;0;0;0;0;0;0;0;0;0;0;0;0;0;0;0;0;0;0;0;0;0;0;0;0;0;0;0;0;0;0;0;0;0;0;0;0;0;0;0;0;0;0;0;0;0;0;0;0;0;00:00:00:000000;00:00:00:000000;00:00:00:000000;00:00:00:000000;
2026-08-09	07:00:32.018271	1786258832.018271;2026-08-09	08:58:32.196945	1786265912.196945;2026-08-09	08:59:32.197737	1786265972.197737;00:01:00;01:59:00;10.000;0.000;0.000;0;1;0;0;1;1;0;0;0;0;0;0;0;0;0;0;0;0;0;0;0;0;0;0;0;0;0;0;0;0;0;0;0;0;0;0;0;0;0;0;0;0;0;0;0;0;0;0;0;0;0;0;0;0;0;0;0;0;0;0;00:00:00:000000;00:00:00:000000;00:00:00:000000;00:00:00:000000;
2026-08-09	07:00:32.018271	1786258832.018271;2026-08-09	08:59:32.197802	1786265972.197802;2026-08-09	09:00:32.198938	1786266032.198938;00:01:00;02:00:00;10.000;0.000;0.000;0;1;0;0;1;1;0;0;0;0;0;0;0;0;0;0;0;0;0;0;0;0;0;0;0;0;0;0;0;0;0;0;0;0;0;0;0;0;0;0;0;0;0;0;0;0;0;0;0;0;0;0;0;0;0;0;0;0;0;0;00:00:00:000000;00:00:00:000000;00:00:00:000000;00:00:00:000000;
2026-08-09	07:00:32.018271	1786258832.018271;2026-08-09	09:00:32.198995	1786266032.198995;2026-08-09	09:00:32.952191	1786266032.952191;00:00:00;02:00:00;10.000;0.000;0.000;0;1;0;0;1;0;1;1;0;0;0;0;0;0;0;0;0;0;0;0;0;0;0;0;0;0;0;0;0;0;0;0;0;0;0;0;0;0;0;0;0;0;0;0;0;0;0;0;0;0;0;0;1;1;0;0;0;0;0;0;02:00:00:260000;02:00:00:260000;2562047788015:12:55:808000;2562047788015:12:55:808000;
2026-08-09	07:00:32.018271	1786258832.018271;2026-08-09	09:00:32.952229	1786266032.952229;2026-08-09	09:00:32.952352	1786266032.952352;00:00:00;02:00:00;10.000;0.000;0.000;0;1;0;0;1;0;0;1;0;0;0;0;0;0;0;0;0;0;0;0;0;0;0;0;0;0;0;0;0;0;0;0;0;0;0;0;0;0;0;0;0;0;0;0;0;0;0;0;0;0;0;0;0;1;0;0;0;0;0;0;00:00:00:000000;02:00:00:260000;00:00:00:000000;2562047788015:12:55:808000;
